depth,architecture,width,parameters,validation_mse,steps
60,silu,6144,62925824,0.27466456857323646,33423
60,gelu,6144,62925824,0.2781642926484346,33514
60,silu2,6144,100680704,0.2571756498366594,22980
60,swiglu,6144,94389248,0.27281955790519713,24770
60,silu,8192,83899392,0.26885918517410756,26059
60,gelu,8192,83899392,0.2719501158446074,26055
60,silu2,8192,151016448,0.2507197467982769,15759
60,swiglu,8192,125850624,0.26914482025802133,18669
60,silu,10240,104872960,0.2649745790660381,22251
60,gelu,10240,104872960,0.2682153577655554,22181
60,silu2,10240,209740800,0.2442960329055786,11880
60,swiglu,10240,157312000,0.2670023847073317,15891
60,silu,12288,125846528,0.2616659020781517,19300
60,gelu,12288,125846528,0.26526361897587775,19262
60,silu2,12288,276853760,0.24075963520258664,9383
60,swiglu,12288,188773376,0.26478711813688277,13640
61,silu,6144,62925824,0.21314293868094683,33415
61,gelu,6144,62925824,0.21610150454938412,33391
61,silu2,6144,100680704,0.19888765648007392,23037
61,swiglu,6144,94389248,0.2127455350086093,24802
61,silu,8192,83899392,0.20809950441122055,26140
61,gelu,8192,83899392,0.2110050200968981,26080
61,silu2,8192,151016448,0.19317627295851708,15738
61,swiglu,8192,125850624,0.2107085279971361,18662
61,silu,10240,104872960,0.2046815971508622,22179
61,gelu,10240,104872960,0.20764543092250823,22160
61,silu2,10240,209740800,0.18868603267520667,11875
61,swiglu,10240,157312000,0.20832297351956366,15841
61,silu,12288,125846528,0.2017066279053688,19289
61,gelu,12288,125846528,0.20477097252756357,19273
61,silu2,12288,276853760,0.1830130815654993,9375
61,swiglu,12288,188773376,0.2057358073964715,13589
62,silu,6144,62925824,0.1558031410649419,33501
62,gelu,6144,62925824,0.15833807757496834,33537
62,silu2,6144,100680704,0.14649490547180175,22981
62,swiglu,6144,94389248,0.15866074616461992,24772
62,silu,8192,83899392,0.15304766634851694,26093
62,gelu,8192,83899392,0.155640907689929,26086
62,silu2,8192,151016448,0.14226339510828256,15750
62,swiglu,8192,125850624,0.15590939991176128,18657
62,silu,10240,104872960,0.15035760748386384,22382
62,gelu,10240,104872960,0.1529514238089323,22010
62,silu2,10240,209740800,0.1384127487912774,11852
62,swiglu,10240,157312000,0.15363646699488162,15877
62,silu,12288,125846528,0.14813263560831547,19242
62,gelu,12288,125846528,0.15055442585796117,19261
62,silu2,12288,276853760,0.1335513641871512,9372
62,swiglu,12288,188773376,0.1500433310046792,13583
63,silu,6144,62925824,0.07360640013217926,33528
63,gelu,6144,62925824,0.07559260702133179,33564
63,silu2,6144,100680704,0.07043915367126465,22967
63,swiglu,6144,94389248,0.0735684967637062,24821
63,silu,8192,83899392,0.07186910454556346,26047
63,gelu,8192,83899392,0.07361931413784623,26116
63,silu2,8192,151016448,0.06686608763970435,15751
63,swiglu,8192,125850624,0.07134703124500812,18666
63,silu,10240,104872960,0.07049708373844624,22226
63,gelu,10240,104872960,0.0726016663312912,22137
63,silu2,10240,209740800,0.06349910631589592,11883
63,swiglu,10240,157312000,0.07001758035086095,15891
63,silu,12288,125846528,0.06944581006839871,19258
63,gelu,12288,125846528,0.07157429672777653,19295
63,silu2,12288,276853760,0.06115811873227358,9378
63,swiglu,12288,188773376,0.06882159540615976,13597
