configuration,outcome,count
best_s60,Passed,37
best_s61,Passed,38
best_s62,Passed,43
best_s63,Passed,64
requested_s60,Passed,30
requested_s61,Passed,36
requested_s62,Passed,44
requested_s63,Passed,62
best_s60,AssertionError,6
best_s61,AssertionError,12
best_s62,AssertionError,10
best_s63,AssertionError,16
requested_s60,AssertionError,6
requested_s61,AssertionError,10
requested_s62,AssertionError,11
requested_s63,AssertionError,16
best_s60,SyntaxError,37
best_s61,SyntaxError,26
best_s62,SyntaxError,25
best_s63,SyntaxError,14
requested_s60,SyntaxError,33
requested_s61,SyntaxError,29
requested_s62,SyntaxError,20
requested_s63,SyntaxError,13
best_s60,NameError,17
best_s61,NameError,20
best_s62,NameError,19
best_s63,NameError,4
requested_s60,NameError,27
requested_s61,NameError,21
requested_s62,NameError,23
requested_s63,NameError,7
best_s60,Other,2
best_s61,Other,3
best_s62,Other,2
best_s63,Other,1
requested_s60,Other,3
requested_s61,Other,3
requested_s62,Other,1
requested_s63,Other,1
