configuration,domain,passed,n
best_s60,math,17,100
best_s60,code,37,99
best_s61,math,62,100
best_s61,code,38,99
best_s62,math,95,100
best_s62,code,43,99
best_s63,math,92,100
best_s63,code,64,99
requested_s60,math,18,100
requested_s60,code,30,99
requested_s61,math,57,100
requested_s61,code,36,99
requested_s62,math,92,100
requested_s62,code,44,99
requested_s63,math,91,100
requested_s63,code,62,99
teacher,math,94,100
teacher,code,71,99
identity_60,math,3,100
identity_60,code,0,99
identity_61,math,2,100
identity_61,code,0,99
identity_62,math,20,100
identity_62,code,0,99
identity_63,math,75,100
identity_63,code,14,99
