run,step,active_seconds,validation_mse,train_mse,lr
refine_s60_silu2_w10240,0,0.0,0.24434809800982477,,0.0003
refine_s60_silu2_w10240,1000,11.272889137268066,0.237545146740973,0.08458874576538801,7.988200652352268e-05
refine_s60_silu2_w10240,2000,22.517786026000977,0.23893260826170445,0.07369665413349867,7.952942691515792e-05
refine_s60_silu2_w10240,3000,33.79288673400879,0.24097597227245568,0.0670685637332499,7.894248010798507e-05
refine_s60_silu2_w10240,4000,45.05495810508728,0.24325420454889535,0.06421400082483887,7.812636533478276e-05
refine_s60_silu2_w10240,5000,56.330729722976685,0.24566973160207273,0.0601093615218997,7.708400949126611e-05
refine_s60_silu2_w10240,6000,67.5875563621521,0.24695666053146123,0.05689805701375008,7.582479750069967e-05
refine_s60_silu2_w10240,7000,78.8478319644928,0.25014662742614746,0.05420484406873584,7.435417507979093e-05
refine_s60_silu2_w10240,8000,90.12535262107849,0.2520569041967392,0.051802099447697404,7.267854034402885e-05
refine_s60_silu2_w10240,9000,101.41414785385132,0.25428942938894034,0.04984765328466892,7.080806066311761e-05
refine_s60_silu2_w10240,10000,112.6865553855896,0.25614262417703865,0.04811086542531848,6.875859393820575e-05
refine_s60_silu2_w10240,11000,123.95293951034546,0.25814159207046034,0.04654867898672819,6.65410372800273e-05
refine_s60_silu2_w10240,12000,135.21975827217102,0.2603000130355358,0.04520436339452863,6.416747303444538e-05
refine_s60_silu2_w10240,13000,146.4984130859375,0.2618877319172025,0.0439016744196415,6.164942218986176e-05
refine_s60_silu2_w10240,14000,157.77634525299072,0.2638680377975106,0.04268203176930547,5.900455246740358e-05
refine_s60_silu2_w10240,15000,169.05373883247375,0.26505624984949827,0.04159759203717112,5.6248604092607094e-05
refine_s60_silu2_w10240,16000,180.3282208442688,0.2671304334998131,0.040591821487993,5.339870620350414e-05
refine_s60_silu2_w10240,17000,191.59715056419373,0.2687095990926027,0.039683717157691714,5.047260003370259e-05
refine_s60_silu2_w10240,18000,202.8901722431183,0.27044298478960993,0.03874533735215664,4.747998907760362e-05
refine_s60_silu2_w10240,19000,214.1904616355896,0.2718628910258412,0.03796929919719696,4.4442980741556596e-05
refine_s60_silu2_w10240,20000,225.46043801307678,0.27325646041333673,0.03725425057113171,4.138990613309057e-05
refine_s60_silu2_w10240,21000,236.7494819164276,0.2745256198197603,0.03658523869886994,3.83257866929739e-05
refine_s60_silu2_w10240,22000,248.02939677238464,0.2760186506658793,0.035959056809544566,3.52765557219299e-05
refine_s60_silu2_w10240,23000,259.31860518455505,0.2771025258079171,0.03534009770676494,3.2255465792922755e-05
refine_s60_silu2_w10240,24000,270.5971517562866,0.2782470507919788,0.03479007199034095,2.9285922037596415e-05
refine_s60_silu2_w10240,25000,281.8703088760376,0.27943795539438726,0.034258776891976594,2.638418298061006e-05
refine_s60_silu2_w10240,26000,293.13776659965515,0.28040563424676657,0.03381358616054058,2.3567550753733272e-05
refine_s60_silu2_w10240,27000,304.4027545452118,0.28140757731348276,0.033411419382318855,2.0851904157375147e-05
refine_s60_silu2_w10240,28000,315.6893320083618,0.2822691140398383,0.03301904225163162,1.824796950074256e-05
refine_s60_silu2_w10240,29000,327.0036759376526,0.28304370446503163,0.03269854083843529,1.577071624121066e-05
refine_s60_silu2_w10240,30000,338.26960802078247,0.28364951657503845,0.0324221603218466,1.3451242576631908e-05
refine_s60_silu2_w10240,31000,349.54500579833984,0.2842149589061737,0.032116656068712474,1.1290750556959749e-05
refine_s60_silu2_w10240,32000,360.81987023353577,0.28473483135551214,0.03186760310083628,9.304308706853393e-06
refine_s60_silu2_w10240,33000,372.0959994792938,0.28511388519406317,0.031676848312839866,7.503286803697868e-06
refine_s60_silu2_w10240,34000,383.3670721054077,0.2854785570204258,0.03153720463253558,5.899554452682418e-06
refine_s60_silu2_w10240,35000,394.62949681282043,0.2856971500441432,0.03135794092528522,4.502749642049147e-06
refine_s60_silu2_w10240,36000,405.9010593891144,0.2858801883235574,0.031232149390503765,3.319028507648353e-06
refine_s60_silu2_w10240,37000,417.17491817474365,0.286062956482172,0.031158426970243455,2.356501650571997e-06
refine_s60_silu2_w10240,38000,428.4675073623657,0.286129862062633,0.03107500483095646,1.6201419709106673e-06
refine_s60_silu2_w10240,39000,439.7600622177124,0.28616270000487565,0.031075200960040093,1.1161610419562359e-06
refine_s60_silu2_w10240,40000,451.0233325958252,0.2862288821861148,0.031007503446191548,8.479594783032096e-07
refine_s60_silu2_w10240,40636,458.1928777694702,0.2862377708852291,0.03100725542461066,8.00000079945527e-07
refine_s60_silu2_w12288,0,0.0,0.24081309419870375,,0.0003
refine_s60_silu2_w12288,1000,14.299212455749512,0.2353972129151225,0.07351033234968782,7.981020507175647e-05
refine_s60_silu2_w12288,2000,28.5521879196167,0.23717141505330802,0.06281800639629365,7.924432930853155e-05
refine_s60_silu2_w12288,3000,42.8152437210083,0.23960575000941753,0.056442365396767856,7.830698995575941e-05
refine_s60_silu2_w12288,4000,57.08505821228027,0.24279277173429728,0.053627324916422366,7.700669239821415e-05
refine_s60_silu2_w12288,5000,71.3490297794342,0.24497731448709964,0.04954426374658942,7.535698748633253e-05
refine_s60_silu2_w12288,6000,85.6206796169281,0.24718623752892016,0.04640025560930371,7.337203173528915e-05
refine_s60_silu2_w12288,7000,99.93356943130493,0.2502873996794224,0.04376447021588683,7.10645136603467e-05
refine_s60_silu2_w12288,8000,114.21171021461487,0.25230219822376965,0.041460542488843205,6.846861291734806e-05
refine_s60_silu2_w12288,9000,128.5329613685608,0.2549226030185819,0.0395196985155344,6.559483732926374e-05
refine_s60_silu2_w12288,10000,142.80749940872192,0.2567346201390028,0.03778931558132172,6.248885798294745e-05
refine_s60_silu2_w12288,11000,157.06696105003357,0.2589308555722237,0.036258255362510684,5.917506230800822e-05
refine_s60_silu2_w12288,12000,171.345356464386,0.26081988779455423,0.03490372860059142,5.56772132197454e-05
refine_s60_silu2_w12288,13000,185.6285903453827,0.2625221884474158,0.033616262877359984,5.203177860846169e-05
refine_s60_silu2_w12288,14000,199.91335225105286,0.2645492214784026,0.03241276523284614,4.8274495320028935e-05
refine_s60_silu2_w12288,15000,214.21191024780273,0.265994234777987,0.03136004923842847,4.4438004005031194e-05
refine_s60_silu2_w12288,16000,228.7793939113617,0.26796454221755267,0.030378690695390106,4.0489776986828546e-05
refine_s60_silu2_w12288,17000,243.40417313575745,0.2695968029126525,0.02950886582583189,3.65250780929764e-05
refine_s60_silu2_w12288,18000,257.6894657611847,0.27126749451458454,0.02866399061307311,3.2689651225749614e-05
refine_s60_silu2_w12288,19000,271.9461462497711,0.2726435456871986,0.027964464666321874,2.8935635524454507e-05
refine_s60_silu2_w12288,20000,286.2382974624634,0.27386905914545057,0.027346704130992293,2.5282175749937867e-05
refine_s60_silu2_w12288,21000,300.54386854171753,0.27498156172037125,0.02680257277190685,2.177056440988012e-05
refine_s60_silu2_w12288,22000,314.85724401474,0.2762257727459073,0.026313357913866638,1.8436277756563945e-05
refine_s60_silu2_w12288,23000,329.1698281764984,0.2770836330503225,0.02587387296371162,1.5313534734033112e-05
refine_s60_silu2_w12288,24000,343.51997232437134,0.27769300594180824,0.02549740724824369,1.2424972662405688e-05
refine_s60_silu2_w12288,25000,357.8211135864258,0.2783889126032591,0.025156113784760237,9.815488251743798e-06
refine_s60_silu2_w12288,26000,372.1049542427063,0.27892380015552043,0.024906719472259285,7.502405765343988e-06
refine_s60_silu2_w12288,27000,386.4028446674347,0.2793323587551713,0.024703543106094003,5.502846584924168e-06
refine_s60_silu2_w12288,28000,400.69366979599,0.2796012795418501,0.024526438269764184,3.839105258560415e-06
refine_s60_silu2_w12288,29000,414.9937789440155,0.27977451008558274,0.024410856613889337,2.5253879707319074e-06
refine_s60_silu2_w12288,30000,429.2673225402832,0.279856533922255,0.02433718229457736,1.57696602037139e-06
refine_s60_silu2_w12288,31000,443.5034816265106,0.2799386349245906,0.024258048927411437,1.0010178467335714e-06
refine_s60_silu2_w12288,32000,457.79705810546875,0.2800108298435807,0.024199646078050138,8.0015492154531e-07
refine_s60_silu2_w12288,32028,458.19626450538635,0.2800205480456352,0.02430897192763431,8.000000728580225e-07
refine_s61_silu2_w10240,0,0.0,0.18875268739461898,,0.0003
refine_s61_silu2_w10240,1000,11.251462697982788,0.18386665904521943,0.05531667183339596,7.988245306564692e-05
refine_s61_silu2_w10240,2000,22.465436220169067,0.18545189406722784,0.04927526951953769,7.95316049101101e-05
refine_s61_silu2_w10240,3000,33.687803745269775,0.18699087136238812,0.04576626745983958,7.89490138835894e-05
refine_s61_silu2_w10240,4000,44.91479444503784,0.18905393202602863,0.04293564308434725,7.81379068329813e-05
refine_s61_silu2_w10240,5000,56.173802614212036,0.19047168294340372,0.041835897412151095,7.710004010449239e-05
refine_s61_silu2_w10240,6000,67.42124271392822,0.1924196279272437,0.03984732482582331,7.58449546309332e-05
refine_s61_silu2_w10240,7000,78.65528845787048,0.1939538298174739,0.03812832037359476,7.43810394492618e-05
refine_s61_silu2_w10240,8000,89.89072155952454,0.19553437794744968,0.03678686586394906,7.271541766985946e-05
refine_s61_silu2_w10240,9000,101.14023399353027,0.19715119262039663,0.03547314194589853,7.085564803907788e-05
refine_s61_silu2_w10240,10000,112.36324167251587,0.19876703076064586,0.0343921424485743,6.881979931929643e-05
refine_s61_silu2_w10240,11000,123.60596370697021,0.20029078620672225,0.03332310640253126,6.661172254616797e-05
refine_s61_silu2_w10240,12000,134.82941126823425,0.20179410999268294,0.032470356998965146,6.425216118697155e-05
refine_s61_silu2_w10240,13000,146.08092331886292,0.20307134442031383,0.03155619677528739,6.174499190166104e-05
refine_s61_silu2_w10240,14000,157.3300642967224,0.20458467675745487,0.030806203538551926,5.9111434846772696e-05
refine_s61_silu2_w10240,15000,168.60814690589905,0.20578691839426755,0.03003349739126861,5.6359421681576315e-05
refine_s61_silu2_w10240,16000,179.86168217658997,0.20723633930832147,0.029336735267192125,5.3518280108122506e-05
refine_s61_silu2_w10240,17000,191.09823417663574,0.20841245127469302,0.02874856142885983,5.060354520072829e-05
refine_s61_silu2_w10240,18000,202.33593201637268,0.20960752271860839,0.02805486301705241,4.76279851394143e-05
refine_s61_silu2_w10240,19000,213.56168484687805,0.21077850944548845,0.02750724815763533,4.461275154854557e-05
refine_s61_silu2_w10240,20000,224.77589917182922,0.21202087100595235,0.026987648451700808,4.1575715090669046e-05
refine_s61_silu2_w10240,21000,236.00654292106628,0.21310777907073497,0.026485271407291292,3.852725192995275e-05
refine_s61_silu2_w10240,22000,247.24356174468994,0.21410115153342485,0.025982863109558822,3.548817977331048e-05
refine_s61_silu2_w10240,23000,258.48457765579224,0.21510167475789785,0.02558395244926214,3.247717138987459e-05
refine_s61_silu2_w10240,24000,269.72538685798645,0.2161602386534214,0.025190707791596652,2.9513307723679797e-05
refine_s61_silu2_w10240,25000,281.01228046417236,0.21709804192185403,0.024773676689714193,2.660234127377133e-05
refine_s61_silu2_w10240,26000,292.255188703537,0.2179226261228323,0.024456915557384492,2.378474991160082e-05
refine_s61_silu2_w10240,27000,303.5084366798401,0.2186915142685175,0.024183079428970813,2.1063449437746827e-05
refine_s61_silu2_w10240,28000,314.745245218277,0.21938157345354556,0.023894543826580048,1.8460896415334136e-05
refine_s61_silu2_w10240,29000,325.98954010009766,0.21999673409014942,0.023619915736839175,1.5986924856272664e-05
refine_s61_silu2_w10240,30000,337.2247362136841,0.22055379094928504,0.023391908517107367,1.3659813547672454e-05
refine_s61_silu2_w10240,31000,348.4567549228668,0.22106310290843248,0.02320683878660202,1.1491874041865931e-05
refine_s61_silu2_w10240,32000,359.69640350341797,0.22141341557353736,0.02303583181463182,9.494034026267883e-06
refine_s61_silu2_w10240,33000,370.92169880867004,0.22177600464224814,0.022871229020878674,7.681840959679574e-06
refine_s61_silu2_w10240,34000,382.17036294937134,0.22203045783936978,0.022742450991645454,6.060216780143757e-06
refine_s61_silu2_w10240,35000,393.44932436943054,0.22226724984496832,0.022678523691371084,4.639222346489137e-06
refine_s61_silu2_w10240,36000,404.7006106376648,0.22243896955251694,0.02254582110233605,3.434676239191098e-06
refine_s61_silu2_w10240,37000,415.9495527744293,0.22253616327047349,0.022493625115603207,2.4502000723153547e-06
refine_s61_silu2_w10240,38000,427.1790268421173,0.22261471489816903,0.02243832635320723,1.6924868871975656e-06
refine_s61_silu2_w10240,39000,438.4136161804199,0.22267122904211284,0.02240102512575686,1.1639395116312414e-06
refine_s61_silu2_w10240,40000,449.6395752429962,0.22270389340072871,0.02238089459016919,8.682246777490899e-07
refine_s61_silu2_w10240,40761,458.2001099586487,0.22274745275080204,0.022367325453540497,8.000000032303601e-07
refine_s61_silu2_w12288,0,0.0,0.18310834720730781,,0.0003
refine_s61_silu2_w12288,1000,14.252643823623657,0.18317965882271528,0.04129791821166873,7.981143900769345e-05
refine_s61_silu2_w12288,2000,28.480047941207886,0.18525887176394462,0.037511913500726225,7.924813349449416e-05
refine_s61_silu2_w12288,3000,42.705745458602905,0.18707968927174806,0.035039515621960164,7.831557118782646e-05
refine_s61_silu2_w12288,4000,56.93019652366638,0.18888918600976468,0.032892756609246135,7.702269954670237e-05
refine_s61_silu2_w12288,5000,71.16966724395752,0.19104635778814555,0.03127738421410322,7.537984521834205e-05
refine_s61_silu2_w12288,6000,85.4408962726593,0.1927794134914875,0.030340929981321096,7.339903894037624e-05
refine_s61_silu2_w12288,7000,99.66429471969604,0.19421179431676866,0.028854556581005456,7.1110731121863e-05
refine_s61_silu2_w12288,8000,113.91828775405884,0.19593754016608,0.027671098694205285,6.852472242867378e-05
refine_s61_silu2_w12288,9000,128.20530939102173,0.19763386484980583,0.026536525947973132,6.566341960206392e-05
refine_s61_silu2_w12288,10000,142.52417588233948,0.1991811778470874,0.02554609564691782,6.255268022722088e-05
refine_s61_silu2_w12288,11000,156.79416632652283,0.2007351007312536,0.024596279265359042,5.9240264210791146e-05
refine_s61_silu2_w12288,12000,171.0530333518982,0.20225801243633032,0.02379840979538858,5.575041268692587e-05
refine_s61_silu2_w12288,13000,185.31020545959473,0.2036295277401805,0.022953815706074236,5.211437331934073e-05
refine_s61_silu2_w12288,14000,199.58549284934998,0.20509159643948077,0.02223506400361657,4.836170872354151e-05
refine_s61_silu2_w12288,15000,213.82132005691528,0.2064584337323904,0.02153946383111179,4.4543459978608984e-05
refine_s61_silu2_w12288,16000,228.0764558315277,0.2078882113993168,0.02089347652718425,4.068050659178088e-05
refine_s61_silu2_w12288,17000,242.32241034507751,0.2088886649608612,0.020339802697300912,3.681739264036134e-05
refine_s61_silu2_w12288,18000,256.56905817985535,0.2102291883379221,0.019758153473958373,3.2988233372158095e-05
refine_s61_silu2_w12288,19000,270.80679655075073,0.21125438133627175,0.019282912351191044,2.923205823199357e-05
refine_s61_silu2_w12288,20000,285.0547652244568,0.2123298770338297,0.018860412023961545,2.5579671921553587e-05
refine_s61_silu2_w12288,21000,299.3666453361511,0.21329646534472704,0.01847131005488336,2.2053224368604923e-05
refine_s61_silu2_w12288,22000,313.67001271247864,0.21413775442540645,0.018108953580260278,1.87052083577705e-05
refine_s61_silu2_w12288,23000,327.919114112854,0.21485333911329507,0.017830065440386535,1.5577196293507392e-05
refine_s61_silu2_w12288,24000,342.17281317710876,0.2155146563947201,0.017576860170811413,1.2685047392367828e-05
refine_s61_silu2_w12288,25000,356.41681694984436,0.21603136288374664,0.017324856402352453,1.0059060465096671e-05
refine_s61_silu2_w12288,26000,370.6424505710602,0.21644317925721407,0.017159854926168918,7.725080724610908e-06
refine_s61_silu2_w12288,27000,384.8723883628845,0.21675630617141722,0.017027710722759368,5.70114708551732e-06
refine_s61_silu2_w12288,28000,399.0971210002899,0.2170199680402875,0.016898616936057806,4.007827578068309e-06
refine_s61_silu2_w12288,29000,413.3748962879181,0.21713811368495226,0.01679150938615203,2.6560570494857533e-06
refine_s61_silu2_w12288,30000,427.61790919303894,0.21726787003874778,0.016726841670461,1.667674882719635e-06
refine_s61_silu2_w12288,31000,441.83214926719666,0.21732448969036341,0.016684827273711563,1.04926647832253e-06
refine_s61_silu2_w12288,32000,456.0750937461853,0.21736920838057994,0.01666579325776547,8.042228733033699e-07
refine_s61_silu2_w12288,32149,458.19499492645264,0.21736655917018652,0.01665028782198893,8.000000930058607e-07
refine_s62_silu2_w10240,0,0.0,0.13842334662377834,,0.0003
refine_s62_silu2_w10240,1000,11.30919623374939,0.13410153034329414,0.03990267748385668,7.988124623143395e-05
refine_s62_silu2_w10240,2000,22.563459157943726,0.13516721160709858,0.03525438690930605,7.95275169591956e-05
refine_s62_silu2_w10240,3000,33.83152794837952,0.13629898485913872,0.032669346867129204,7.894006299044137e-05
refine_s62_silu2_w10240,4000,45.09170341491699,0.1375074575766921,0.030768120486289262,7.812333079355663e-05
refine_s62_silu2_w10240,5000,56.377410888671875,0.13860285175591708,0.029906489184126257,7.707922978986304e-05
refine_s62_silu2_w10240,6000,67.6138083934784,0.1397459438331425,0.028413577269762756,7.582161522982756e-05
refine_s62_silu2_w10240,7000,78.87177348136902,0.14096179698780179,0.02716167723014951,7.435082418729254e-05
refine_s62_silu2_w10240,8000,90.11239218711853,0.1421291882060468,0.026147775616496803,7.268060782683604e-05
refine_s62_silu2_w10240,9000,101.3526508808136,0.14321503226459026,0.02522168300487101,7.081875151400543e-05
refine_s62_silu2_w10240,10000,112.60053420066833,0.14434350648522376,0.02441879460029304,6.877489292199794e-05
refine_s62_silu2_w10240,11000,123.87784814834595,0.14523841584846378,0.023625554081052543,6.655633804431321e-05
refine_s62_silu2_w10240,12000,135.1181399822235,0.14618948655575514,0.022922289101406933,6.418953512674143e-05
refine_s62_silu2_w10240,13000,146.37353610992432,0.1472646187506616,0.022315232306718825,6.167803152167163e-05
refine_s62_silu2_w10240,14000,157.6091272830963,0.1480706517919898,0.021717813335359097,5.9044611929975786e-05
refine_s62_silu2_w10240,15000,168.85609889030457,0.14901605724915862,0.021113215181976557,5.6297750019842965e-05
refine_s62_silu2_w10240,16000,180.11745262145996,0.1499838101118803,0.02062948350980878,5.3452771923425e-05
refine_s62_silu2_w10240,17000,191.3875801563263,0.1507791523076594,0.020158749036490918,5.052762306669357e-05
refine_s62_silu2_w10240,18000,202.67955088615417,0.15164022101089358,0.019680540034547448,4.7536235971883764e-05
refine_s62_silu2_w10240,19000,213.95539140701294,0.15249501893296838,0.019238564705476163,4.450645011461021e-05
refine_s62_silu2_w10240,20000,225.2325563430786,0.15334193529188633,0.01883499466814101,4.145178556425994e-05
refine_s62_silu2_w10240,21000,236.50936794281006,0.15396721061691643,0.018423025807365774,3.839087792909701e-05
refine_s62_silu2_w10240,22000,247.7429792881012,0.1546726084202528,0.01810335320793092,3.5353668716255464e-05
refine_s62_silu2_w10240,23000,258.9921176433563,0.15538355425372719,0.017766384363174438,3.2342216364683436e-05
refine_s62_silu2_w10240,24000,270.243262052536,0.1560549672283232,0.01746520021557808,2.937817167233929e-05
refine_s62_silu2_w10240,25000,281.4843113422394,0.15665157404541968,0.017180125644430517,2.648224157687716e-05
refine_s62_silu2_w10240,26000,292.72000336647034,0.15722829631716012,0.01692653651535511,2.3670280950993365e-05
refine_s62_silu2_w10240,27000,303.9475419521332,0.15774680381640793,0.016708907187916337,2.095949595679427e-05
refine_s62_silu2_w10240,28000,315.1990294456482,0.1582268366701901,0.016490756379440426,1.8358434832862977e-05
refine_s62_silu2_w10240,29000,326.4713020324707,0.1586557676717639,0.016293757608160375,1.5884091790309036e-05
refine_s62_silu2_w10240,30000,337.7693374156952,0.1590552463568747,0.016120373176410793,1.355093234115248e-05
refine_s62_silu2_w10240,31000,349.0405948162079,0.15940208292007446,0.015970205707475545,1.138377752897173e-05
refine_s62_silu2_w10240,32000,360.30545926094055,0.15967022012546658,0.015830629753880204,9.390927004882726e-06
refine_s62_silu2_w10240,33000,371.5501432418823,0.15986819552257658,0.01571209662221372,7.5860202372597345e-06
refine_s62_silu2_w10240,34000,382.80071544647217,0.16005116451904178,0.01562605865485966,5.975302747182944e-06
refine_s62_silu2_w10240,35000,394.03214287757874,0.16021131219342352,0.015548285214230418,4.57153036732502e-06
refine_s62_silu2_w10240,36000,405.2855076789856,0.160306640509516,0.01547260498907417,3.3780148877894724e-06
refine_s62_silu2_w10240,37000,416.5378203392029,0.16040387244522572,0.015432183474302292,2.4048791918108312e-06
refine_s62_silu2_w10240,38000,427.7651243209839,0.1604484916329384,0.015366106512024998,1.6592034109647593e-06
refine_s62_silu2_w10240,39000,439.0355758666992,0.16048986258357764,0.015381627664901316,1.141454706916421e-06
refine_s62_silu2_w10240,40000,450.313027381897,0.1605249350182712,0.015332220133394003,8.579186532004863e-07
refine_s62_silu2_w10240,40701,458.19260811805725,0.16053932648152114,0.015319082347912643,8.000000825454446e-07
refine_s62_silu2_w12288,0,0.0,0.133573408421129,,0.0003
refine_s62_silu2_w12288,1000,14.308037757873535,0.1369433721601963,0.024252226704731584,7.980997290513613e-05
refine_s62_silu2_w12288,2000,28.586528062820435,0.13814025164023042,0.02322910007275641,7.924251571000473e-05
refine_s62_silu2_w12288,3000,42.89250826835632,0.13944487341865897,0.022006895232945682,7.83009072459205e-05
refine_s62_silu2_w12288,4000,57.13587760925293,0.14068230672180654,0.021066257916390895,7.700143021027698e-05
refine_s62_silu2_w12288,5000,71.39184379577637,0.141965896487236,0.02023557461053133,7.53515303552007e-05
refine_s62_silu2_w12288,6000,85.64854574203491,0.14309457251057028,0.019498412866145374,7.336784027244229e-05
refine_s62_silu2_w12288,7000,99.8952419757843,0.14422055304050446,0.018787021562457085,7.107111235846827e-05
refine_s62_silu2_w12288,8000,114.13609790802002,0.14530143617466093,0.018129142267629503,6.848308157668451e-05
refine_s62_silu2_w12288,9000,128.39328241348267,0.14621116464957595,0.01753712609410286,6.562406360122741e-05
refine_s62_silu2_w12288,10000,142.66785788536072,0.14746502982079981,0.01692536824196577,6.252033737852627e-05
refine_s62_silu2_w12288,11000,156.93773794174194,0.14842487324401737,0.016322461186908187,5.920593611014922e-05
refine_s62_silu2_w12288,12000,171.184241771698,0.14935302465036512,0.01574832111503929,5.5717549128922125e-05
refine_s62_silu2_w12288,13000,185.42934942245483,0.15020618955790996,0.015250072851777076,5.208347418786715e-05
refine_s62_silu2_w12288,14000,199.69511938095093,0.15117352647706866,0.014755097982473672,4.833253404885244e-05
refine_s62_silu2_w12288,15000,213.9565556049347,0.15212057664245368,0.014252357678487896,4.450694002696823e-05
refine_s62_silu2_w12288,16000,228.22833442687988,0.15296758849918843,0.013835900062695146,4.0639304011428616e-05
refine_s62_silu2_w12288,17000,242.49466133117676,0.15380402071774005,0.013455280777998268,3.677081736833266e-05
refine_s62_silu2_w12288,18000,256.7825129032135,0.15463859344646336,0.013074944240041077,3.293132912182215e-05
refine_s62_silu2_w12288,19000,271.0554780960083,0.15546142081543804,0.012719853500835597,2.9167324161383866e-05
refine_s62_silu2_w12288,20000,285.32329535484314,0.156164111610502,0.012420169395394623,2.5512091566241767e-05
refine_s62_silu2_w12288,21000,299.5850751399994,0.15677594581246376,0.01214135230332613,2.2000693633317006e-05
refine_s62_silu2_w12288,22000,313.82550072669983,0.15738665897026657,0.011923401324078441,1.8669909906330607e-05
refine_s62_silu2_w12288,23000,328.07695960998535,0.15792129611596464,0.011709767354652286,1.554381581913311e-05
refine_s62_silu2_w12288,24000,342.35536551475525,0.15836917220428587,0.011537486142478882,1.2649648586568378e-05
refine_s62_silu2_w12288,25000,356.6315813064575,0.15869650469347835,0.011382676226086914,1.0021661958221491e-05
refine_s62_silu2_w12288,26000,370.9725749492645,0.1589903706535697,0.011251628549769521,7.674526125018468e-06
refine_s62_silu2_w12288,27000,385.28006887435913,0.1592239692993462,0.011154212889261543,5.647953762367835e-06
refine_s62_silu2_w12288,28000,399.56575322151184,0.15935006787627937,0.011062098604626954,3.957846705886973e-06
refine_s62_silu2_w12288,29000,413.8304388523102,0.1594612548314035,0.010993080944754183,2.6188099035077664e-06
refine_s62_silu2_w12288,30000,428.0895254611969,0.15953828375041484,0.010942889120429754,1.6412186131906893e-06
refine_s62_silu2_w12288,31000,442.3441655635834,0.15958921397849918,0.010909514584578573,1.0339351464940239e-06
refine_s62_silu2_w12288,32000,456.60635685920715,0.15962550308182835,0.0108850560458377,8.023788599834621e-07
refine_s62_silu2_w12288,32112,458.20259308815,0.1596307938322425,0.010859282579206462,8.000000055131152e-07
refine_s63_silu2_w10240,0,0.0,0.06353610820136964,,0.0003
refine_s63_silu2_w10240,1000,11.29349136352539,0.06520278392918408,0.011501182195730507,7.98815733192298e-05
refine_s63_silu2_w10240,2000,22.549766778945923,0.065598857101053,0.011273459295742213,7.952808836386565e-05
refine_s63_silu2_w10240,3000,33.79558873176575,0.06591180921718479,0.010832253005355596,7.894230928049883e-05
refine_s63_silu2_w10240,4000,45.04279112815857,0.06634543646126985,0.010495218392461538,7.812737297851958e-05
refine_s63_silu2_w10240,5000,56.33881187438965,0.0667563571576029,0.010186056560836732,7.708318001367218e-05
refine_s63_silu2_w10240,6000,67.60259938240051,0.06710231890715658,0.009892324041575194,7.582296933238866e-05
refine_s63_silu2_w10240,7000,78.83583450317383,0.06742889759875834,0.009632756866514682,7.435588773682634e-05
refine_s63_silu2_w10240,8000,90.08534574508667,0.06784861400537193,0.009407296577468515,7.268483977066664e-05
refine_s63_silu2_w10240,9000,101.35079741477966,0.0682212593909353,0.009167400014586746,7.081908292814904e-05
refine_s63_silu2_w10240,10000,112.60098791122437,0.06851221899688244,0.008926402621902526,6.877480857091322e-05
refine_s63_silu2_w10240,11000,123.8513400554657,0.06886612655594945,0.008726219351403415,6.65617421725301e-05
refine_s63_silu2_w10240,12000,135.1065754890442,0.06916016418673097,0.008494897227268665,6.419205158200887e-05
refine_s63_silu2_w10240,13000,146.38491702079773,0.06947361095622182,0.00830186971090734,6.167541527580083e-05
refine_s63_silu2_w10240,14000,157.66089415550232,0.06976217053085565,0.008094461041036994,5.9032236818097325e-05
refine_s63_silu2_w10240,15000,168.97685766220093,0.07011779955774546,0.007885193776339292,5.626772049113837e-05
refine_s63_silu2_w10240,16000,180.25921082496643,0.07037569895572961,0.007727690118830651,5.3416389068106025e-05
refine_s63_silu2_w10240,17000,191.51916885375977,0.07069465444609523,0.007521705041173846,5.0493067063685815e-05
refine_s63_silu2_w10240,18000,202.77259469032288,0.07094030699320138,0.007351686902344227,4.7511379821298544e-05
refine_s63_silu2_w10240,19000,214.03106355667114,0.07125680422782898,0.007184843568131327,4.4486005993807536e-05
refine_s63_silu2_w10240,20000,225.27348160743713,0.07154420331120491,0.007025641597807408,4.144065944057449e-05
refine_s63_silu2_w10240,21000,236.52768898010254,0.07178410358726978,0.0068865523585118354,3.838592181971013e-05
refine_s63_silu2_w10240,22000,247.7795009613037,0.072057616667822,0.006735699364449829,3.534382052130858e-05
refine_s63_silu2_w10240,23000,259.0315098762512,0.07228321900591254,0.006610932907555252,3.233174883850655e-05
refine_s63_silu2_w10240,24000,270.27554726600647,0.07256713458523155,0.006483772063162177,2.936975883480057e-05
refine_s63_silu2_w10240,25000,281.4698784351349,0.0727587270475924,0.006370229925960302,2.6485924676852324e-05
refine_s63_silu2_w10240,26000,292.7218282222748,0.07300796167552472,0.006269034532364458,2.36698381957621e-05
refine_s63_silu2_w10240,27000,303.96183919906616,0.0731822620742023,0.006174743666313588,2.095612896017249e-05
refine_s63_silu2_w10240,28000,315.2056758403778,0.07336099416203797,0.006087257347069681,1.8356925565320833e-05
refine_s63_silu2_w10240,29000,326.46119928359985,0.07352583711594343,0.006021321878768504,1.588622840514213e-05
refine_s63_silu2_w10240,30000,337.70093154907227,0.07364924588613211,0.005948741141241044,1.3564590034138208e-05
refine_s63_silu2_w10240,31000,348.9499571323395,0.07378049126826226,0.0058800187641754745,1.1400537709381394e-05
refine_s63_silu2_w10240,32000,360.1984894275665,0.07388153205625712,0.005821477562189102,9.408997498516836e-06
refine_s63_silu2_w10240,33000,371.48136854171753,0.07397333094477654,0.005768557058181614,7.596490834556362e-06
refine_s63_silu2_w10240,34000,382.7726366519928,0.07403317264840006,0.005728618403896689,5.979073350171134e-06
refine_s63_silu2_w10240,35000,394.0610144138336,0.07408890446089209,0.005697083814069629,4.568189881608753e-06
refine_s63_silu2_w10240,36000,405.3403310775757,0.07412653423286975,0.005658278138842433,3.372733094653372e-06
refine_s63_silu2_w10240,37000,416.57973074913025,0.07415689407102764,0.005636273865588009,2.4016757150971554e-06
refine_s63_silu2_w10240,38000,427.8285586833954,0.07417439399287104,0.005616721103899181,1.6556415010798813e-06
refine_s63_silu2_w10240,39000,439.09933972358704,0.07418534283526242,0.0056049044309183955,1.1391885750913665e-06
refine_s63_silu2_w10240,40000,450.3694944381714,0.0741989992428571,0.005595534840133041,8.570919655789783e-07
refine_s63_silu2_w10240,40694,458.2011775970459,0.07420500680431724,0.005585520000865291,8.000000008232856e-07
refine_s63_silu2_w12288,0,0.0,0.06119174997135997,,0.0003
refine_s63_silu2_w12288,1000,14.259079217910767,0.06309159785695374,0.011024310286156833,7.981126789179818e-05
refine_s63_silu2_w12288,2000,28.473462104797363,0.06338540439866483,0.010587218455038966,7.924847882161561e-05
refine_s63_silu2_w12288,3000,42.68885850906372,0.06384711785241962,0.009982287588529289,7.831689306649126e-05
refine_s63_silu2_w12288,4000,56.91027355194092,0.06422552061453461,0.009512598289176822,7.702486870898928e-05
refine_s63_silu2_w12288,5000,71.14296865463257,0.0646738668680191,0.009103167584165931,7.538323971778473e-05
refine_s63_silu2_w12288,6000,85.41668939590454,0.06504241482540965,0.008732374296523631,7.340267891783626e-05
refine_s63_silu2_w12288,7000,99.64558815956116,0.06541077370755374,0.008387486301362514,7.111394512533609e-05
refine_s63_silu2_w12288,8000,113.8761339187622,0.06577229159884154,0.008070760118309409,6.853283306761988e-05
refine_s63_silu2_w12288,9000,128.10730600357056,0.06615734617598355,0.007758721762336791,6.56838821247038e-05
refine_s63_silu2_w12288,10000,142.329833984375,0.0664558185338974,0.00744374376302585,6.259637314665799e-05
refine_s63_silu2_w12288,11000,156.57751488685608,0.06679592177271843,0.007163423599209636,5.929195597428075e-05
refine_s63_silu2_w12288,12000,170.82557773590088,0.06714398710429668,0.006881772177293897,5.580729886801154e-05
refine_s63_silu2_w12288,13000,185.08812761306763,0.06746148488111794,0.006637874327134341,5.2171958689803655e-05
refine_s63_silu2_w12288,14000,199.36759996414185,0.06779118069261313,0.006379681411199272,4.8419654361099755e-05
refine_s63_silu2_w12288,15000,213.60180711746216,0.06808403083309532,0.006147110697813332,4.460271161204317e-05
refine_s63_silu2_w12288,16000,227.82131338119507,0.06837863003090024,0.005951353910844773,4.074979473315516e-05
refine_s63_silu2_w12288,17000,242.05861353874207,0.06867209388129412,0.005735647606663406,3.688871350258472e-05
refine_s63_silu2_w12288,18000,256.2856481075287,0.06892004005052149,0.005554928540252149,3.306384464946311e-05
refine_s63_silu2_w12288,19000,270.51793932914734,0.06919531574845314,0.005388778363354504,2.930732945928761e-05
refine_s63_silu2_w12288,20000,284.7579987049103,0.069452516855672,0.005239905106369406,2.5654408333696163e-05
refine_s63_silu2_w12288,21000,299.02283000946045,0.06966776406392455,0.005109903579112143,2.2136015036468872e-05
refine_s63_silu2_w12288,22000,313.26561737060547,0.06986658606119454,0.004987896728329361,1.8797166193086955e-05
refine_s63_silu2_w12288,23000,327.4902813434601,0.07002948196046055,0.0048886243845336136,1.5668025719919876e-05
refine_s63_silu2_w12288,24000,341.7107276916504,0.07018763125874102,0.004795094618573785,1.2774779965662172e-05
refine_s63_silu2_w12288,25000,355.9476943016052,0.07029211981408298,0.00471190837258473,1.0141077100050745e-05
refine_s63_silu2_w12288,26000,370.18447041511536,0.07040530528314412,0.004646260865032673,7.795483928769267e-06
refine_s63_silu2_w12288,27000,384.41394305229187,0.07046420060098171,0.004589785540476441,5.761313715320122e-06
refine_s63_silu2_w12288,28000,398.6499638557434,0.07052243089117109,0.004541011921595782,4.055866308599301e-06
refine_s63_silu2_w12288,29000,412.92176723480225,0.07055690653808415,0.0045141153205186125,2.69346433287017e-06
refine_s63_silu2_w12288,30000,427.1772949695587,0.0705814009103924,0.004486430507153273,1.6927558707665548e-06
refine_s63_silu2_w12288,31000,441.429607629776,0.07059853845834732,0.0044630926633253696,1.0616630265205586e-06
refine_s63_silu2_w12288,32000,455.6930286884308,0.07060565996542573,0.004450756788719446,8.058737694647058e-07
refine_s63_silu2_w12288,32176,458.1980459690094,0.07060822626389564,0.004440915053816174,8.000000451010106e-07
