configuration,domain,difference_pp,ci_low,ci_high,lost,gained,n
best_s60,math,-77.0,-85.0,-68.97500000000218,77,0,100
best_s61,math,-32.0,-42.0,-22.0,34,2,100
best_s62,math,1.0,-2.0,5.0,1,2,100
best_s63,math,-2.0,-6.0,2.0,3,1,100
requested_s60,math,-76.0,-84.0,-67.0,76,0,100
requested_s61,math,-37.0,-47.0,-27.0,38,1,100
requested_s62,math,-2.0,-6.0,2.0,3,1,100
requested_s63,math,-3.0,-8.0,1.0,4,1,100
best_s60,code,-34.34343434343434,-44.44444444444444,-24.242424242424242,35,1,99
best_s61,code,-33.33333333333333,-43.43434343434344,-24.242424242424242,34,1,99
best_s62,code,-28.28282828282828,-38.38383838383838,-18.181818181818183,31,3,99
best_s63,code,-7.07070707070707,-15.151515151515152,0.0,11,4,99
requested_s60,code,-41.41414141414141,-51.515151515151516,-31.313131313131315,43,2,99
requested_s61,code,-35.35353535353536,-45.45454545454545,-25.227272727274933,38,3,99
requested_s62,code,-27.27272727272727,-38.38383838383838,-16.161616161616163,32,5,99
requested_s63,code,-9.090909090909092,-17.17171717171717,-1.0101010101010102,13,4,99
