configuration,kind,width,domain,pre_storage_validation_mse,passed,n,parameters,steps
screen_s63_silu_w6144,silu,6144,math,0.07360640013217926,90,100,62925824,33528
screen_s63_silu_w6144,silu,6144,code,0.07360640013217926,62,99,62925824,33528
screen_s63_gelu_w6144,gelu,6144,math,0.07559260702133179,91,100,62925824,33564
screen_s63_gelu_w6144,gelu,6144,code,0.07559260702133179,58,99,62925824,33564
screen_s63_silu2_w6144,silu2,6144,math,0.07043915367126465,92,100,100680704,22967
screen_s63_silu2_w6144,silu2,6144,code,0.07043915367126465,62,99,100680704,22967
screen_s63_swiglu_w6144,swiglu,6144,math,0.0735684967637062,94,100,94389248,24821
screen_s63_swiglu_w6144,swiglu,6144,code,0.0735684967637062,63,99,94389248,24821
screen_s63_silu_w8192,silu,8192,math,0.07186910454556346,91,100,83899392,26047
screen_s63_silu_w8192,silu,8192,code,0.07186910454556346,59,99,83899392,26047
screen_s63_gelu_w8192,gelu,8192,math,0.07361931413784623,91,100,83899392,26116
screen_s63_gelu_w8192,gelu,8192,code,0.07361931413784623,59,99,83899392,26116
screen_s63_silu2_w8192,silu2,8192,math,0.06686608763970435,92,100,151016448,15751
screen_s63_silu2_w8192,silu2,8192,code,0.06686608763970435,64,99,151016448,15751
screen_s63_swiglu_w8192,swiglu,8192,math,0.07134703124500812,93,100,125850624,18666
screen_s63_swiglu_w8192,swiglu,8192,code,0.07134703124500812,62,99,125850624,18666
screen_s63_silu_w10240,silu,10240,math,0.07049708373844624,91,100,104872960,22226
screen_s63_silu_w10240,silu,10240,code,0.07049708373844624,62,99,104872960,22226
screen_s63_gelu_w10240,gelu,10240,math,0.0726016663312912,91,100,104872960,22137
screen_s63_gelu_w10240,gelu,10240,code,0.0726016663312912,56,99,104872960,22137
screen_s63_silu2_w10240,silu2,10240,math,0.06349910631589592,91,100,209740800,11883
screen_s63_silu2_w10240,silu2,10240,code,0.06349910631589592,66,99,209740800,11883
screen_s63_swiglu_w10240,swiglu,10240,math,0.07001758035086095,93,100,157312000,15891
screen_s63_swiglu_w10240,swiglu,10240,code,0.07001758035086095,61,99,157312000,15891
screen_s63_silu_w12288,silu,12288,math,0.06944581006839871,93,100,125846528,19258
screen_s63_silu_w12288,silu,12288,code,0.06944581006839871,60,99,125846528,19258
screen_s63_gelu_w12288,gelu,12288,math,0.07157429672777653,91,100,125846528,19295
screen_s63_gelu_w12288,gelu,12288,code,0.07157429672777653,56,99,125846528,19295
screen_s63_silu2_w12288,silu2,12288,math,0.06115811873227358,91,100,276853760,9378
screen_s63_silu2_w12288,silu2,12288,code,0.06115811873227358,64,99,276853760,9378
screen_s63_swiglu_w12288,swiglu,12288,math,0.06882159540615976,95,100,188773376,13597
screen_s63_swiglu_w12288,swiglu,12288,code,0.06882159540615976,64,99,188773376,13597
