run,parameters,steps,best_step,active_seconds
screen_s60_silu_w6144,62925824,33423,3000,133.64274144172668
screen_s60_gelu_w6144,62925824,33514,3000,133.64224529266357
screen_s60_silu2_w6144,100680704,22980,3000,133.64227151870728
screen_s60_swiglu_w6144,94389248,24770,3000,133.63990139961243
screen_s60_silu_w8192,83899392,26059,2000,133.63921570777893
screen_s60_gelu_w8192,83899392,26055,2000,133.64258575439453
screen_s60_silu2_w8192,151016448,15759,3000,133.64027976989746
screen_s60_swiglu_w8192,125850624,18669,2000,133.6419975757599
screen_s60_silu_w10240,104872960,22251,2000,133.64063048362732
screen_s60_gelu_w10240,104872960,22181,2000,133.63984322547913
screen_s60_silu2_w10240,209740800,11880,3000,133.642320394516
screen_s60_swiglu_w10240,157312000,15891,3000,133.64190125465393
screen_s60_silu_w12288,125846528,19300,2000,133.63990306854248
screen_s60_gelu_w12288,125846528,19262,2000,133.6407027244568
screen_s60_silu2_w12288,276853760,9383,3000,133.6488540172577
screen_s60_swiglu_w12288,188773376,13640,3000,133.64593195915222
screen_s61_silu_w6144,62925824,33415,3000,133.64173674583435
screen_s61_gelu_w6144,62925824,33391,3000,133.64213514328003
screen_s61_silu2_w6144,100680704,23037,4000,133.6419689655304
screen_s61_swiglu_w6144,94389248,24802,3000,133.64328956604004
screen_s61_silu_w8192,83899392,26140,3000,133.64153790473938
screen_s61_gelu_w8192,83899392,26080,2000,133.64093375205994
screen_s61_silu2_w8192,151016448,15738,4000,133.6402530670166
screen_s61_swiglu_w8192,125850624,18662,4000,133.6425552368164
screen_s61_silu_w10240,104872960,22179,2000,133.64241528511047
screen_s61_gelu_w10240,104872960,22160,2000,133.64254021644592
screen_s61_silu2_w10240,209740800,11875,4000,133.6405384540558
screen_s61_swiglu_w10240,157312000,15841,4000,133.64478993415833
screen_s61_silu_w12288,125846528,19289,2000,133.6408371925354
screen_s61_gelu_w12288,125846528,19273,2000,133.6416482925415
screen_s61_silu2_w12288,276853760,9375,5000,133.64827179908752
screen_s61_swiglu_w12288,188773376,13589,4000,133.64048051834106
screen_s62_silu_w6144,62925824,33501,3000,133.6426796913147
screen_s62_gelu_w6144,62925824,33537,3000,133.63952374458313
screen_s62_silu2_w6144,100680704,22981,4000,133.63908290863037
screen_s62_swiglu_w6144,94389248,24772,3000,133.64246273040771
screen_s62_silu_w8192,83899392,26093,3000,133.64199829101562
screen_s62_gelu_w8192,83899392,26086,2000,133.64017820358276
screen_s62_silu2_w8192,151016448,15750,4000,133.6465790271759
screen_s62_swiglu_w8192,125850624,18657,5000,133.6445348262787
screen_s62_silu_w10240,104872960,22382,2000,133.640127658844
screen_s62_gelu_w10240,104872960,22010,2000,133.63903164863586
screen_s62_silu2_w10240,209740800,11852,4000,133.64656376838684
screen_s62_swiglu_w10240,157312000,15877,5000,133.6451051235199
screen_s62_silu_w12288,125846528,19242,2000,133.64191722869873
screen_s62_gelu_w12288,125846528,19261,2000,133.6437530517578
screen_s62_silu2_w12288,276853760,9372,9372,133.64763116836548
screen_s62_swiglu_w12288,188773376,13583,7000,133.64350247383118
screen_s63_silu_w6144,62925824,33528,4000,133.6401083469391
screen_s63_gelu_w6144,62925824,33564,3000,133.64043354988098
screen_s63_silu2_w6144,100680704,22967,6000,133.64059948921204
screen_s63_swiglu_w6144,94389248,24821,10000,133.64249920845032
screen_s63_silu_w8192,83899392,26047,3000,133.64166831970215
screen_s63_gelu_w8192,83899392,26116,3000,133.64373564720154
screen_s63_silu2_w8192,151016448,15751,15000,133.6390905380249
screen_s63_swiglu_w8192,125850624,18666,10000,133.64180040359497
screen_s63_silu_w10240,104872960,22226,3000,133.64415502548218
screen_s63_gelu_w10240,104872960,22137,3000,133.6432545185089
screen_s63_silu2_w10240,209740800,11883,11883,133.63980913162231
screen_s63_swiglu_w10240,157312000,15891,9000,133.6400318145752
screen_s63_silu_w12288,125846528,19258,3000,133.64336133003235
screen_s63_gelu_w12288,125846528,19295,2000,133.64275455474854
screen_s63_silu2_w12288,276853760,9378,9378,133.6427743434906
screen_s63_swiglu_w12288,188773376,13597,8000,133.64526104927063
