configuration,id,domain,first_divergence,sequence_exact,teacher_length,adapter_length,teacher_prefix_mse,adapter_prefix_mse,teacher_prefix_agreement,adapter_prefix_agreement,post_common_positions,paired_post_teacher_mse,paired_post_adapter_mse,paired_post_delta,common_prefix_max_mse_difference,common_prefix_mean_abs_difference
fixed_s62_silu_w10240_seed20261008,eval_gsm_59c5355ea658299f,math,66,False,105,108,0.17167804409705456,0.1681015975255933,0.9619047619047619,0.9722222222222222,38,0.15103950297557994,0.15004771844925066,-0.0009917845263292915,0.0,0.0
fixed_s62_silu_w10240_seed20261008,eval_gsm_6310f2348882816e,math,0,False,92,81,0.14947617572286856,0.1398832840776002,0.9891304347826086,0.9876543209876543,80,0.1589779494330287,0.13939146031625568,-0.01958648911677301,0.0010483264923095703,0.0010483264923095703
fixed_s62_silu_w10240_seed20261008,eval_gsm_3ed5b2575337aa1d,math,2,False,86,109,0.16488985964205377,0.16486329363163457,0.9302325581395349,0.926605504587156,83,0.15674521213015877,0.17968954635133227,0.022944334221173483,0.0,0.0
fixed_s62_silu_w10240_seed20261008,eval_gsm_5ce5e0b0dc470399,math,0,False,57,83,0.16266475098305627,0.16614366434963354,0.9473684210526315,0.9759036144578314,56,0.16205605042965285,0.20422235836407968,0.042166307934426835,0.0,0.0
fixed_s62_silu_w10240_seed20261008,eval_gsm_6d1ccd867274ff4b,math,0,False,53,56,0.11758308116135732,0.08891056125451412,0.9056603773584906,0.8928571428571429,52,0.1179079759077957,0.09049478964880109,-0.027413186258994617,0.0,0.0
fixed_s62_silu_w10240_seed20261008,eval_gsm_2bfc44f7c692b171,math,0,False,87,98,0.15696974250691376,0.18723924473232154,0.9540229885057471,0.9387755102040817,86,0.15540868838772523,0.2016001397873773,0.04619145139965207,0.0,0.0
fixed_s62_silu_w10240_seed20261008,eval_gsm_e8ea9344bce39ab3,math,0,False,112,111,0.16653600095638207,0.1525751025759959,0.9375,0.963963963963964,110,0.16727799705483698,0.15300705497237768,-0.014270942082459276,0.0,0.0
fixed_s62_silu_w10240_seed20261008,eval_gsm_d3df5e87991be637,math,3,False,78,59,0.11913607369821805,0.10641006102501335,0.9743589743589743,0.9152542372881356,55,0.1399412906982682,0.1043649976903742,-0.03557629300789399,0.00153408944606781,0.00109110027551651
fixed_s62_silu_w10240_seed20261008,eval_gsm_6399ac2ad7482918,math,32,False,51,50,0.15998999336186578,0.16324714235961438,1.0,1.0,17,0.07521317482871168,0.08270863838055555,0.007495463551843867,0.0,0.0
fixed_s62_silu_w10240_seed20261008,eval_gsm_1b24fcde9d5650b9,math,2,False,80,80,0.178937251935713,0.1761458770604804,0.9875,0.975,77,0.1715122049843723,0.16861207524387092,-0.002900129740501379,0.0,0.0
fixed_s62_silu_w10240_seed20261008,mbpp_549,code,5,False,48,39,0.17194200788314143,0.17257959586687577,0.9166666666666666,0.9743589743589743,33,0.16361460518656354,0.14805415950038217,-0.015560445686181387,0.0,0.0
fixed_s62_silu_w10240_seed20261008,mbpp_551,code,,True,30,30,0.19155455554525058,0.19155455554525058,1.0,1.0,0,,,,0,0.0
fixed_s62_silu_w10240_seed20261008,mbpp_600,code,6,False,24,28,0.1858335374854505,0.1927624267659017,0.9583333333333334,0.9285714285714286,17,0.11575338266351644,0.13491673986701405,0.019163357203497607,0.009588003158569336,0.0033531455057007925
fixed_s62_silu_w10240_seed20261008,mbpp_594,code,41,False,120,81,0.19208789352948466,0.15438533330589166,0.975,0.9382716049382716,39,0.22011332920728585,0.16369793793329826,-0.0564153912739876,0.009339988231658936,0.001557103225163051
fixed_s62_silu_w10240_seed20261008,mbpp_533,code,8,False,31,32,0.22986225182971648,0.2338330529164523,0.9032258064516129,0.90625,22,0.20118734206665645,0.2136890949173407,0.012501752850684252,0.0,0.0
fixed_s62_silu_w10240_seed20261008,mbpp_569,code,,True,25,25,0.18145377054810524,0.18145377054810524,1.0,1.0,0,,,,0,0.0
fixed_s62_silu_w10240_seed20261008,mbpp_529,code,6,False,108,256,0.21327878541692538,0.2578510962339351,0.9537037037037037,0.9765625,101,0.18464988986454386,0.20851357889795066,0.023863689033406795,0.05032825469970703,0.011937570359025682
fixed_s62_silu_w10240_seed20261008,mbpp_547,code,6,False,126,22,0.25320588516455794,0.3203066069294106,0.8968253968253969,0.8181818181818182,15,0.362502409517765,0.2674065445860227,-0.09509586493174235,0.01017734408378601,0.0032134982092039926
fixed_s62_silu_w10240_seed20261008,mbpp_589,code,7,False,61,73,0.15754423217206706,0.15173007277389094,0.9836065573770492,0.958904109589041,53,0.1406037207200842,0.14718979983678404,0.00658607911669983,0.0,0.0
fixed_s62_silu_w10240_seed20261008,mbpp_523,code,10,False,230,175,0.3815212949462559,0.27456315498266903,0.9826086956521739,0.9657142857142857,164,0.36435311387588337,0.27958233088890955,-0.08477078298697384,0.010065481066703796,0.0028072040189396253
fixed_s62_silu2_w12288_seed20261008,eval_gsm_59c5355ea658299f,math,42,False,105,106,0.16244053398924216,0.16141588207474858,0.9523809523809523,0.9528301886792453,62,0.16067519011877238,0.16016224654571665,-0.0005129435730557288,0.0,0.0
fixed_s62_silu2_w12288_seed20261008,eval_gsm_6310f2348882816e,math,0,False,92,81,0.13745196779137073,0.13109885675855626,0.9891304347826086,0.9876543209876543,80,0.14640072947368027,0.13061390002258122,-0.01578682945109904,0.0007610023021697998,0.0007610023021697998
fixed_s62_silu2_w12288_seed20261008,eval_gsm_3ed5b2575337aa1d,math,2,False,86,104,0.15673085224143293,0.16029236523004678,0.9534883720930233,0.9615384615384616,83,0.14835923649819502,0.17107137326285782,0.022712136764662813,0.0,0.0
fixed_s62_silu2_w12288_seed20261008,eval_gsm_5ce5e0b0dc470399,math,41,False,57,47,0.15194985028683095,0.1687282920676343,0.9824561403508771,0.9787234042553191,5,0.09178510010242462,0.04788888394832611,-0.043896216154098514,0.008646905422210693,0.0013479568241607574
fixed_s62_silu2_w12288_seed20261008,eval_gsm_6d1ccd867274ff4b,math,0,False,53,56,0.10914762061581297,0.08348412395987127,0.9433962264150944,0.9107142857142857,52,0.1095695707302254,0.08540464300089158,-0.024164927729333822,0.0,0.0
fixed_s62_silu2_w12288_seed20261008,eval_gsm_2bfc44f7c692b171,math,0,False,87,80,0.14845709700736848,0.14627529638819398,0.9310344827586207,0.95,79,0.1565932237743577,0.14453923848422268,-0.01205398529013501,0.0,0.0
fixed_s62_silu2_w12288_seed20261008,eval_gsm_e8ea9344bce39ab3,math,6,False,112,112,0.15425884224740521,0.14255112752185337,0.9464285714285714,0.9732142857142857,105,0.1575026610422702,0.14501443200168154,-0.012488229040588652,0.0,0.0
fixed_s62_silu2_w12288_seed20261008,eval_gsm_d3df5e87991be637,math,0,False,78,61,0.10928370404797487,0.07961097866541049,0.9743589743589743,0.9508196721311475,60,0.12648358009755611,0.0789478394513329,-0.04753574064622323,0.0015826821327209473,0.0015826821327209473
fixed_s62_silu2_w12288_seed20261008,eval_gsm_6399ac2ad7482918,math,32,False,51,50,0.14778834716508202,0.1509652029722929,0.9803921568627451,0.98,17,0.06851290473166634,0.07608189751558445,0.007568992783918101,0.0,0.0
fixed_s62_silu2_w12288_seed20261008,eval_gsm_1b24fcde9d5650b9,math,,True,80,80,0.16890771840699018,0.16890771840699018,1.0,1.0,0,,,,0,0.0
fixed_s62_silu2_w12288_seed20261008,mbpp_549,code,5,False,48,39,0.15830242882172266,0.15670402453113824,0.9166666666666666,0.9743589743589743,33,0.151372331900127,0.13328963235923738,-0.018082699540889625,0.0,0.0
fixed_s62_silu2_w12288_seed20261008,mbpp_551,code,,True,30,30,0.1785184885064761,0.1785184885064761,1.0,1.0,0,,,,0,0.0
fixed_s62_silu2_w12288_seed20261008,mbpp_600,code,6,False,24,28,0.16949179706474146,0.17851756007543632,0.9583333333333334,0.9285714285714286,17,0.10142754588057012,0.12440563606865265,0.02297809018808253,0.008841514587402344,0.00324723230940955
fixed_s62_silu2_w12288_seed20261008,mbpp_594,code,41,False,120,84,0.17697493614008028,0.1407425350820025,0.975,0.9523809523809523,42,0.22719624957868031,0.15109558997764475,-0.07610065960103557,0.010056644678115845,0.0014916123556239264
fixed_s62_silu2_w12288_seed20261008,mbpp_533,code,8,False,31,32,0.21631245915928193,0.21565512812230736,0.9354838709677419,0.9375,22,0.18816388669339093,0.1936284965750846,0.0054646098816936665,0.0,0.0
fixed_s62_silu2_w12288_seed20261008,mbpp_569,code,,True,25,25,0.16515152141451836,0.16515152141451836,1.0,1.0,0,,,,0,0.0
fixed_s62_silu2_w12288_seed20261008,mbpp_529,code,6,False,108,206,0.19958177331352123,0.2153143670084407,0.9537037037037037,0.9563106796116505,101,0.1719087497838358,0.20305639014828322,0.03114764036444744,0.032369136810302734,0.00927638794694628
fixed_s62_silu2_w12288_seed20261008,mbpp_547,code,6,False,126,256,0.2411484311053914,0.31834474825882353,0.9047619047619048,0.91015625,119,0.2309078583728616,0.27656408549607303,0.045656227123211414,0.019467473030090332,0.007331359599317823
fixed_s62_silu2_w12288_seed20261008,mbpp_589,code,18,False,61,73,0.14706512754325007,0.1491925110147424,0.9836065573770492,0.9726027397260274,42,0.1328815311370861,0.14929927699267864,0.016417745855592546,0.0,0.0
fixed_s62_silu2_w12288_seed20261008,mbpp_523,code,10,False,230,256,0.3664703846949598,0.303401249286253,0.9782608695652174,0.9375,219,0.37564781896735977,0.31600177185992673,-0.05964604710743308,0.0,0.0
fixed_s63_silu_w10240_seed20261008,eval_gsm_59c5355ea658299f,math,76,False,105,106,0.07136018490862278,0.06978747607120928,0.9809523809523809,0.9716981132075472,28,0.059554162834371836,0.05476736164252673,-0.00478680119184511,0.0,0.0
fixed_s63_silu_w10240_seed20261008,eval_gsm_6310f2348882816e,math,0,False,92,81,0.061372284615493336,0.05638834783508454,0.967391304347826,0.9876543209876543,80,0.06489411204820499,0.05599526683799923,-0.008898845210205763,0.0002937242388725281,0.0002937242388725281
fixed_s63_silu_w10240_seed20261008,eval_gsm_3ed5b2575337aa1d,math,0,False,86,101,0.07570379361683546,0.0932738403743594,0.9186046511627907,0.9801980198019802,85,0.07572496791972834,0.10425375020679306,0.028528782287064722,0.0,0.0
fixed_s63_silu_w10240_seed20261008,eval_gsm_5ce5e0b0dc470399,math,0,False,57,83,0.08118361041047856,0.08075094377868865,0.9122807017543859,0.9759036144578314,56,0.08113725046860054,0.10206841923562544,0.020931168767024895,0.0,0.0
fixed_s63_silu_w10240_seed20261008,eval_gsm_6d1ccd867274ff4b,math,0,False,53,56,0.05205216220105594,0.03594136463444946,0.9622641509433962,0.9285714285714286,52,0.05238714710307809,0.03666188390567326,-0.015725263197404835,0.0,0.0
fixed_s63_silu_w10240_seed20261008,eval_gsm_2bfc44f7c692b171,math,4,False,87,97,0.06667401581660085,0.08656838818539664,0.9540229885057471,0.979381443298969,82,0.057086480826866334,0.08647822801069152,0.029391747183825184,0.0,0.0
fixed_s63_silu_w10240_seed20261008,eval_gsm_e8ea9344bce39ab3,math,4,False,112,92,0.06378946850808072,0.06248560725994732,0.9464285714285714,0.9456521739130435,87,0.06398318397502105,0.06343580925858569,-0.0005473747164353557,0.00047069787979125977,0.0002745654433965683
fixed_s63_silu_w10240_seed20261008,eval_gsm_d3df5e87991be637,math,0,False,78,59,0.0506339343981101,0.03451971026232182,0.9743589743589743,0.9830508474576272,58,0.059920071897193276,0.03390659326045164,-0.026013478636741638,1.8678605556488037e-05,1.8678605556488037e-05
fixed_s63_silu_w10240_seed20261008,eval_gsm_6399ac2ad7482918,math,32,False,51,50,0.07990495343783907,0.08179674379527568,0.9803921568627451,0.98,17,0.028876243652228045,0.032822782173752785,0.003946538521524738,0.0,0.0
fixed_s63_silu_w10240_seed20261008,eval_gsm_1b24fcde9d5650b9,math,,True,80,80,0.09456770803662948,0.09456770803662948,1.0,1.0,0,,,,0,0.0
fixed_s63_silu_w10240_seed20261008,mbpp_549,code,12,False,48,40,0.07274761842563748,0.08363303011283278,0.9791666666666666,1.0,27,0.046680529981299686,0.05263250700577542,0.005951977024475734,0.0,0.0
fixed_s63_silu_w10240_seed20261008,mbpp_551,code,,True,30,30,0.09354642697920403,0.09354642697920403,1.0,1.0,0,,,,0,0.0
fixed_s63_silu_w10240_seed20261008,mbpp_600,code,6,False,24,23,0.08413854350025456,0.09463961673495562,0.9583333333333334,0.9565217391304348,16,0.04430338181555271,0.056432867306284606,0.012129485490731895,0.0,0.0
fixed_s63_silu_w10240_seed20261008,mbpp_594,code,41,False,120,108,0.08739474083607396,0.07696600851637346,0.975,0.9814814814814815,66,0.10439687137576667,0.08365148740510146,-0.02074538397066521,0.00812162458896637,0.0007789209041567076
fixed_s63_silu_w10240_seed20261008,mbpp_533,code,,True,31,31,0.11630843339427825,0.11630843339427825,1.0,1.0,0,,,,0,0.0
fixed_s63_silu_w10240_seed20261008,mbpp_569,code,,True,25,25,0.08595996439456939,0.08595996439456939,1.0,1.0,0,,,,0,0.0
fixed_s63_silu_w10240_seed20261008,mbpp_529,code,6,False,108,256,0.1005048300743241,0.14008998928329675,0.9722222222222222,0.94140625,101,0.07965532167455053,0.16996214712167731,0.09030682544712679,0.03288924694061279,0.007418081696544375
fixed_s63_silu_w10240_seed20261008,mbpp_547,code,36,False,126,101,0.11400326916445343,0.11611838847177454,0.9365079365079365,0.9702970297029703,64,0.08129559698863886,0.09100080735515803,0.009705210366519168,0.011852651834487915,0.001267515928358645
fixed_s63_silu_w10240_seed20261008,mbpp_589,code,,True,61,61,0.06793437867623861,0.06793437867623861,1.0,1.0,0,,,,0,0.0
fixed_s63_silu_w10240_seed20261008,mbpp_523,code,10,False,230,172,0.19853761787323848,0.14036075551019506,0.9956521739130435,0.9883720930232558,161,0.18621576461732758,0.14466833472483276,-0.04154742989249481,0.004182755947113037,0.0012303333390842784
fixed_s63_silu2_w12288_seed20261008,eval_gsm_59c5355ea658299f,math,76,False,105,106,0.0687121849418396,0.06713188073228833,0.9714285714285714,0.9716981132075472,28,0.05778060910025878,0.05290878933322217,-0.004871819767036608,0.0,0.0
fixed_s63_silu2_w12288_seed20261008,eval_gsm_6310f2348882816e,math,77,False,92,100,0.059089767382196755,0.07296389864757657,0.9891304347826086,0.99,14,0.03043496761737125,0.1440511117024081,0.11361614408503685,0.06857984513044357,0.0014964518949198418
fixed_s63_silu2_w12288_seed20261008,eval_gsm_3ed5b2575337aa1d,math,0,False,86,104,0.07188153157530483,0.10959122092642176,0.9302325581395349,0.9711538461538461,85,0.0719302279436413,0.12628457224106088,0.054354344297419574,0.0,0.0
fixed_s63_silu2_w12288_seed20261008,eval_gsm_5ce5e0b0dc470399,math,5,False,57,55,0.07595270111535986,0.08318113296038725,0.9473684210526315,0.9818181818181818,49,0.07803725321035908,0.08410136946191897,0.00606411625155989,0.0,0.0
fixed_s63_silu2_w12288_seed20261008,eval_gsm_6d1ccd867274ff4b,math,0,False,53,55,0.04861213398640448,0.03527482234110886,0.9622641509433962,0.9454545454545454,52,0.04891122875806804,0.035535539384,-0.013375689374068035,0.0,0.0
fixed_s63_silu2_w12288_seed20261008,eval_gsm_2bfc44f7c692b171,math,10,False,87,109,0.0644863819082578,0.0764629305596677,0.9655172413793104,0.963302752293578,76,0.056757470053669656,0.08617202316312805,0.029414553109458404,0.002159636467695236,0.0006646471606059508
fixed_s63_silu2_w12288_seed20261008,eval_gsm_e8ea9344bce39ab3,math,4,False,112,92,0.059000565753584464,0.05762903762819326,0.9464285714285714,0.9565217391304348,87,0.059568234665811744,0.058466802169194164,-0.0011014324966175802,0.0003522522747516632,0.0002426639199256897
fixed_s63_silu2_w12288_seed20261008,eval_gsm_d3df5e87991be637,math,0,False,78,59,0.04863204858385217,0.03204863311691304,0.9743589743589743,0.9830508474576272,58,0.05813891564271059,0.03149104254834097,-0.026647873094369626,0.00022383779287338257,0.00022383779287338257
fixed_s63_silu2_w12288_seed20261008,eval_gsm_6399ac2ad7482918,math,32,False,51,50,0.0753347129725358,0.07708015132695437,0.9803921568627451,0.98,17,0.027646083056050187,0.031081099610994842,0.0034350165549446553,0.0,0.0
fixed_s63_silu2_w12288_seed20261008,eval_gsm_1b24fcde9d5650b9,math,,True,80,80,0.09007347543956712,0.09007347543956712,1.0,1.0,0,,,,0,0.0
fixed_s63_silu2_w12288_seed20261008,mbpp_549,code,12,False,48,40,0.06610702641773969,0.07575785000808537,0.9791666666666666,1.0,27,0.04299839544627401,0.04779916670587328,0.004800771259599262,0.0,0.0
fixed_s63_silu2_w12288_seed20261008,mbpp_551,code,,True,30,30,0.08603928213318189,0.08603928213318189,1.0,1.0,0,,,,0,0.0
fixed_s63_silu2_w12288_seed20261008,mbpp_600,code,6,False,24,23,0.07816335908137262,0.08831975171747415,0.9583333333333334,0.9565217391304348,16,0.0390788639197126,0.05074897385202348,0.01167010993231088,0.0,0.0
fixed_s63_silu2_w12288_seed20261008,mbpp_594,code,41,False,120,108,0.08138594143868734,0.07244136711341087,0.975,0.9814814814814815,66,0.09710814250689564,0.07931529456806002,-0.01779284793883562,0.00650419294834137,0.0006898902356624603
fixed_s63_silu2_w12288_seed20261008,mbpp_533,code,10,False,31,33,0.11164369362015877,0.12745303124415153,0.967741935483871,0.9696969696969697,20,0.08981590513139963,0.12439176244661213,0.03457585731521249,0.0,0.0
fixed_s63_silu2_w12288_seed20261008,mbpp_569,code,,True,25,25,0.07837040670216083,0.07837040670216083,1.0,1.0,0,,,,0,0.0
fixed_s63_silu2_w12288_seed20261008,mbpp_529,code,6,False,108,122,0.09581449411430017,0.11278921084814385,0.9814814814814815,0.9754098360655737,101,0.07565588611961886,0.08426335258501591,0.008607466465397047,0.0,0.0
fixed_s63_silu2_w12288_seed20261008,mbpp_547,code,9,False,126,140,0.10554131813761261,0.10586342590062746,0.9444444444444444,0.95,116,0.08681389032702508,0.09094000011200792,0.004126109784982842,0.0107928067445755,0.003090943768620491
fixed_s63_silu2_w12288_seed20261008,mbpp_589,code,,True,61,61,0.06296248695828387,0.06296248695828387,1.0,1.0,0,,,,0,0.0
fixed_s63_silu2_w12288_seed20261008,mbpp_523,code,10,False,230,171,0.18850356796351464,0.132897712355643,0.991304347826087,0.9824561403508771,160,0.17501396565930918,0.13715065950527788,-0.03786330615403131,0.004607390612363815,0.0011534281075000763
