configuration,depth,kind,seed,category,count
fixed_s62_affine_seed20261008,62,affine,20261008,NameError,34
fixed_s62_affine_seed20261008,62,affine,20261008,SyntaxError,23
fixed_s62_affine_seed20261008,62,affine,20261008,TypeError,1
fixed_s62_affine_seed20261008,62,affine,20261008,Passed,32
fixed_s62_affine_seed20261008,62,affine,20261008,AssertionError,5
fixed_s62_affine_seed20261008,62,affine,20261008,AttributeError,2
fixed_s62_affine_seed20261008,62,affine,20261008,UnboundLocalError,1
fixed_s62_affine_seed20261008,62,affine,20261008,IndentationError,1
fixed_s62_silu_w10240_seed20261008,62,silu,20261008,NameError,26
fixed_s62_silu_w10240_seed20261008,62,silu,20261008,SyntaxError,19
fixed_s62_silu_w10240_seed20261008,62,silu,20261008,AssertionError,9
fixed_s62_silu_w10240_seed20261008,62,silu,20261008,Passed,43
fixed_s62_silu_w10240_seed20261008,62,silu,20261008,AttributeError,1
fixed_s62_silu_w10240_seed20261008,62,silu,20261008,IndexError,1
fixed_s62_silu2_w12288_seed20261008,62,silu2,20261008,NameError,21
fixed_s62_silu2_w12288_seed20261008,62,silu2,20261008,SyntaxError,23
fixed_s62_silu2_w12288_seed20261008,62,silu2,20261008,AssertionError,13
fixed_s62_silu2_w12288_seed20261008,62,silu2,20261008,Passed,40
fixed_s62_silu2_w12288_seed20261008,62,silu2,20261008,AttributeError,1
fixed_s62_silu2_w12288_seed20261008,62,silu2,20261008,IndexError,1
fixed_s63_affine_seed20261008,63,affine,20261008,NameError,18
fixed_s63_affine_seed20261008,63,affine,20261008,SyntaxError,20
fixed_s63_affine_seed20261008,63,affine,20261008,AssertionError,13
fixed_s63_affine_seed20261008,63,affine,20261008,Passed,46
fixed_s63_affine_seed20261008,63,affine,20261008,TypeError,1
fixed_s63_affine_seed20261008,63,affine,20261008,AttributeError,1
fixed_s63_silu_w10240_seed20261008,63,silu,20261008,Passed,64
fixed_s63_silu_w10240_seed20261008,63,silu,20261008,SyntaxError,13
fixed_s63_silu_w10240_seed20261008,63,silu,20261008,AssertionError,16
fixed_s63_silu_w10240_seed20261008,63,silu,20261008,NameError,5
fixed_s63_silu_w10240_seed20261008,63,silu,20261008,TypeError,1
fixed_s63_silu2_w12288_seed20261008,63,silu2,20261008,Passed,62
fixed_s63_silu2_w12288_seed20261008,63,silu2,20261008,SyntaxError,13
fixed_s63_silu2_w12288_seed20261008,63,silu2,20261008,AssertionError,17
fixed_s63_silu2_w12288_seed20261008,63,silu2,20261008,NameError,6
fixed_s63_silu2_w12288_seed20261008,63,silu2,20261008,AttributeError,1
fixed_s62_affine_seed20261009,62,affine,20261009,NameError,34
fixed_s62_affine_seed20261009,62,affine,20261009,TypeError,1
fixed_s62_affine_seed20261009,62,affine,20261009,Passed,31
fixed_s62_affine_seed20261009,62,affine,20261009,AssertionError,5
fixed_s62_affine_seed20261009,62,affine,20261009,SyntaxError,24
fixed_s62_affine_seed20261009,62,affine,20261009,AttributeError,2
fixed_s62_affine_seed20261009,62,affine,20261009,UnboundLocalError,1
fixed_s62_affine_seed20261009,62,affine,20261009,IndentationError,1
fixed_s62_silu_w10240_seed20261009,62,silu,20261009,NameError,23
fixed_s62_silu_w10240_seed20261009,62,silu,20261009,SyntaxError,18
fixed_s62_silu_w10240_seed20261009,62,silu,20261009,AssertionError,13
fixed_s62_silu_w10240_seed20261009,62,silu,20261009,Passed,43
fixed_s62_silu_w10240_seed20261009,62,silu,20261009,AttributeError,2
fixed_s62_silu2_w12288_seed20261009,62,silu2,20261009,NameError,22
fixed_s62_silu2_w12288_seed20261009,62,silu2,20261009,SyntaxError,20
fixed_s62_silu2_w12288_seed20261009,62,silu2,20261009,AssertionError,14
fixed_s62_silu2_w12288_seed20261009,62,silu2,20261009,Passed,41
fixed_s62_silu2_w12288_seed20261009,62,silu2,20261009,AttributeError,1
fixed_s62_silu2_w12288_seed20261009,62,silu2,20261009,IndexError,1
fixed_s63_affine_seed20261009,63,affine,20261009,NameError,18
fixed_s63_affine_seed20261009,63,affine,20261009,SyntaxError,18
fixed_s63_affine_seed20261009,63,affine,20261009,AssertionError,14
fixed_s63_affine_seed20261009,63,affine,20261009,Passed,47
fixed_s63_affine_seed20261009,63,affine,20261009,TypeError,1
fixed_s63_affine_seed20261009,63,affine,20261009,AttributeError,1
fixed_s63_silu_w10240_seed20261009,63,silu,20261009,Passed,62
fixed_s63_silu_w10240_seed20261009,63,silu,20261009,SyntaxError,11
fixed_s63_silu_w10240_seed20261009,63,silu,20261009,AssertionError,18
fixed_s63_silu_w10240_seed20261009,63,silu,20261009,NameError,6
fixed_s63_silu_w10240_seed20261009,63,silu,20261009,TypeError,1
fixed_s63_silu_w10240_seed20261009,63,silu,20261009,AttributeError,1
fixed_s63_silu2_w12288_seed20261009,63,silu2,20261009,Passed,65
fixed_s63_silu2_w12288_seed20261009,63,silu2,20261009,AssertionError,16
fixed_s63_silu2_w12288_seed20261009,63,silu2,20261009,SyntaxError,14
fixed_s63_silu2_w12288_seed20261009,63,silu2,20261009,NameError,3
fixed_s63_silu2_w12288_seed20261009,63,silu2,20261009,TypeError,1
fixed_s62_affine_seed20261010,62,affine,20261010,NameError,31
fixed_s62_affine_seed20261010,62,affine,20261010,SyntaxError,25
fixed_s62_affine_seed20261010,62,affine,20261010,TypeError,1
fixed_s62_affine_seed20261010,62,affine,20261010,Passed,32
fixed_s62_affine_seed20261010,62,affine,20261010,AssertionError,6
fixed_s62_affine_seed20261010,62,affine,20261010,AttributeError,2
fixed_s62_affine_seed20261010,62,affine,20261010,UnboundLocalError,1
fixed_s62_affine_seed20261010,62,affine,20261010,IndentationError,1
fixed_s62_silu_w10240_seed20261010,62,silu,20261010,NameError,22
fixed_s62_silu_w10240_seed20261010,62,silu,20261010,SyntaxError,21
fixed_s62_silu_w10240_seed20261010,62,silu,20261010,AssertionError,12
fixed_s62_silu_w10240_seed20261010,62,silu,20261010,Passed,43
fixed_s62_silu_w10240_seed20261010,62,silu,20261010,AttributeError,1
fixed_s62_silu2_w12288_seed20261010,62,silu2,20261010,NameError,22
fixed_s62_silu2_w12288_seed20261010,62,silu2,20261010,SyntaxError,24
fixed_s62_silu2_w12288_seed20261010,62,silu2,20261010,AssertionError,10
fixed_s62_silu2_w12288_seed20261010,62,silu2,20261010,Passed,40
fixed_s62_silu2_w12288_seed20261010,62,silu2,20261010,AttributeError,2
fixed_s62_silu2_w12288_seed20261010,62,silu2,20261010,IndexError,1
fixed_s63_affine_seed20261010,63,affine,20261010,NameError,19
fixed_s63_affine_seed20261010,63,affine,20261010,SyntaxError,18
fixed_s63_affine_seed20261010,63,affine,20261010,AssertionError,13
fixed_s63_affine_seed20261010,63,affine,20261010,Passed,47
fixed_s63_affine_seed20261010,63,affine,20261010,TypeError,1
fixed_s63_affine_seed20261010,63,affine,20261010,AttributeError,1
fixed_s63_silu_w10240_seed20261010,63,silu,20261010,Passed,63
fixed_s63_silu_w10240_seed20261010,63,silu,20261010,SyntaxError,11
fixed_s63_silu_w10240_seed20261010,63,silu,20261010,AssertionError,17
fixed_s63_silu_w10240_seed20261010,63,silu,20261010,NameError,7
fixed_s63_silu_w10240_seed20261010,63,silu,20261010,TypeError,1
fixed_s63_silu2_w12288_seed20261010,63,silu2,20261010,Passed,62
fixed_s63_silu2_w12288_seed20261010,63,silu2,20261010,AssertionError,17
fixed_s63_silu2_w12288_seed20261010,63,silu2,20261010,SyntaxError,12
fixed_s63_silu2_w12288_seed20261010,63,silu2,20261010,NameError,6
fixed_s63_silu2_w12288_seed20261010,63,silu2,20261010,AttributeError,1
fixed_s63_silu2_w12288_seed20261010,63,silu2,20261010,TypeError,1
fixed_s63_linear1_w10240_seed20261008,63,linear1,20261008,NameError,19
fixed_s63_linear1_w10240_seed20261008,63,linear1,20261008,SyntaxError,18
fixed_s63_linear1_w10240_seed20261008,63,linear1,20261008,AssertionError,13
fixed_s63_linear1_w10240_seed20261008,63,linear1,20261008,Passed,47
fixed_s63_linear1_w10240_seed20261008,63,linear1,20261008,TypeError,1
fixed_s63_linear1_w10240_seed20261008,63,linear1,20261008,AttributeError,1
fixed_s63_linear2_w12288_seed20261008,63,linear2,20261008,NameError,19
fixed_s63_linear2_w12288_seed20261008,63,linear2,20261008,SyntaxError,18
fixed_s63_linear2_w12288_seed20261008,63,linear2,20261008,AssertionError,13
fixed_s63_linear2_w12288_seed20261008,63,linear2,20261008,Passed,47
fixed_s63_linear2_w12288_seed20261008,63,linear2,20261008,TypeError,1
fixed_s63_linear2_w12288_seed20261008,63,linear2,20261008,AttributeError,1
fixed_s63_linear1_w10240_seed20261009,63,linear1,20261009,NameError,19
fixed_s63_linear1_w10240_seed20261009,63,linear1,20261009,SyntaxError,16
fixed_s63_linear1_w10240_seed20261009,63,linear1,20261009,AssertionError,14
fixed_s63_linear1_w10240_seed20261009,63,linear1,20261009,Passed,48
fixed_s63_linear1_w10240_seed20261009,63,linear1,20261009,TypeError,1
fixed_s63_linear1_w10240_seed20261009,63,linear1,20261009,AttributeError,1
fixed_s63_linear2_w12288_seed20261009,63,linear2,20261009,NameError,19
fixed_s63_linear2_w12288_seed20261009,63,linear2,20261009,SyntaxError,17
fixed_s63_linear2_w12288_seed20261009,63,linear2,20261009,AssertionError,14
fixed_s63_linear2_w12288_seed20261009,63,linear2,20261009,Passed,47
fixed_s63_linear2_w12288_seed20261009,63,linear2,20261009,TypeError,1
fixed_s63_linear2_w12288_seed20261009,63,linear2,20261009,AttributeError,1
fixed_s63_linear1_w10240_seed20261010,63,linear1,20261010,NameError,19
fixed_s63_linear1_w10240_seed20261010,63,linear1,20261010,SyntaxError,18
fixed_s63_linear1_w10240_seed20261010,63,linear1,20261010,AssertionError,13
fixed_s63_linear1_w10240_seed20261010,63,linear1,20261010,Passed,47
fixed_s63_linear1_w10240_seed20261010,63,linear1,20261010,TypeError,1
fixed_s63_linear1_w10240_seed20261010,63,linear1,20261010,AttributeError,1
fixed_s63_linear2_w12288_seed20261010,63,linear2,20261010,NameError,19
fixed_s63_linear2_w12288_seed20261010,63,linear2,20261010,SyntaxError,18
fixed_s63_linear2_w12288_seed20261010,63,linear2,20261010,AssertionError,13
fixed_s63_linear2_w12288_seed20261010,63,linear2,20261010,Passed,47
fixed_s63_linear2_w12288_seed20261010,63,linear2,20261010,TypeError,1
fixed_s63_linear2_w12288_seed20261010,63,linear2,20261010,AttributeError,1
