kind,seed,domain,gain,loss,net
affine,20261008,math,3,0,3
affine,20261008,code,17,3,14
silu,20261008,math,4,5,-1
silu,20261008,code,24,3,21
silu2,20261008,math,3,2,1
silu2,20261008,code,26,4,22
affine,20261009,math,4,1,3
affine,20261009,code,19,3,16
silu,20261009,math,0,3,-3
silu,20261009,code,22,3,19
silu2,20261009,math,1,0,1
silu2,20261009,code,25,1,24
affine,20261010,math,4,0,4
affine,20261010,code,18,3,15
silu,20261010,math,2,2,0
silu,20261010,code,23,3,20
silu2,20261010,math,3,1,2
silu2,20261010,code,24,2,22
