configuration,depth,domain,passed,n,percent,kind,seed,validation_mse,parameters,hit_limit,encoding_flag
fixed_s62_affine_seed20261008,62,math,89,100,89.0,affine,20261008,0.21644732438027858,26219520,1,0
fixed_s62_affine_seed20261008,62,code,32,99,32.323232323232325,affine,20261008,0.21644732438027858,26219520,16,0
fixed_s62_silu_w10240_seed20261008,62,math,93,100,93.0,silu,20261008,0.14929873989522457,104872960,3,0
fixed_s62_silu_w10240_seed20261008,62,code,43,99,43.43434343434343,silu,20261008,0.14929873989522457,104872960,14,0
fixed_s62_silu2_w12288_seed20261008,62,math,92,100,92.0,silu2,20261008,0.1369600568599999,276853760,1,0
fixed_s62_silu2_w12288_seed20261008,62,code,40,99,40.4040404040404,silu2,20261008,0.1369600568599999,276853760,22,0
fixed_s63_affine_seed20261008,63,math,92,100,92.0,affine,20261008,0.09425482794642448,26219520,1,0
fixed_s63_affine_seed20261008,63,code,46,99,46.464646464646464,affine,20261008,0.09425482794642448,26219520,20,0
fixed_s63_silu_w10240_seed20261008,63,math,92,100,92.0,silu,20261008,0.06708198133669793,104872960,0,0
fixed_s63_silu_w10240_seed20261008,63,code,64,99,64.64646464646465,silu,20261008,0.06708198133669793,104872960,13,0
fixed_s63_silu2_w12288_seed20261008,63,math,93,100,93.0,silu2,20261008,0.06299092252366245,276853760,1,0
fixed_s63_silu2_w12288_seed20261008,63,code,62,99,62.62626262626262,silu2,20261008,0.06299092252366245,276853760,13,0
screen_s63_silu_w6144,63,math,90,100,90.0,archived,,,,0,0
screen_s63_silu_w6144,63,code,62,99,62.62626262626262,archived,,,,13,0
screen_s63_gelu_w6144,63,math,91,100,91.0,archived,,,,0,0
screen_s63_gelu_w6144,63,code,58,99,58.58585858585859,archived,,,,14,0
screen_s63_silu2_w6144,63,math,92,100,92.0,archived,,,,1,0
screen_s63_silu2_w6144,63,code,62,99,62.62626262626262,archived,,,,14,0
screen_s63_swiglu_w6144,63,math,94,100,94.0,archived,,,,0,0
screen_s63_swiglu_w6144,63,code,63,99,63.63636363636363,archived,,,,16,0
screen_s63_silu_w8192,63,math,91,100,91.0,archived,,,,1,0
screen_s63_silu_w8192,63,code,59,99,59.5959595959596,archived,,,,14,0
screen_s63_gelu_w8192,63,math,91,100,91.0,archived,,,,1,0
screen_s63_gelu_w8192,63,code,59,99,59.5959595959596,archived,,,,15,0
screen_s63_silu2_w8192,63,math,92,100,92.0,archived,,,,1,0
screen_s63_silu2_w8192,63,code,64,99,64.64646464646465,archived,,,,11,0
screen_s63_swiglu_w8192,63,math,93,100,93.0,archived,,,,1,0
screen_s63_swiglu_w8192,63,code,62,99,62.62626262626262,archived,,,,18,0
screen_s63_silu_w10240,63,math,91,100,91.0,archived,,,,1,0
screen_s63_silu_w10240,63,code,62,99,62.62626262626262,archived,,,,13,0
screen_s63_gelu_w10240,63,math,91,100,91.0,archived,,,,2,0
screen_s63_gelu_w10240,63,code,56,99,56.56565656565657,archived,,,,13,0
screen_s63_silu2_w10240,63,math,91,100,91.0,archived,,,,1,0
screen_s63_silu2_w10240,63,code,66,99,66.66666666666667,archived,,,,12,0
screen_s63_swiglu_w10240,63,math,93,100,93.0,archived,,,,1,0
screen_s63_swiglu_w10240,63,code,61,99,61.61616161616162,archived,,,,16,0
screen_s63_silu_w12288,63,math,93,100,93.0,archived,,,,0,0
screen_s63_silu_w12288,63,code,60,99,60.60606060606061,archived,,,,13,0
screen_s63_gelu_w12288,63,math,91,100,91.0,archived,,,,1,0
screen_s63_gelu_w12288,63,code,56,99,56.56565656565657,archived,,,,15,0
screen_s63_silu2_w12288,63,math,91,100,91.0,archived,,,,2,0
screen_s63_silu2_w12288,63,code,64,99,64.64646464646465,archived,,,,15,0
screen_s63_swiglu_w12288,63,math,95,100,95.0,archived,,,,1,0
screen_s63_swiglu_w12288,63,code,64,99,64.64646464646465,archived,,,,10,0
fixed_s62_affine_seed20261009,62,math,89,100,89.0,affine,20261009,0.21648279635608197,26219520,2,0
fixed_s62_affine_seed20261009,62,code,31,99,31.31313131313131,affine,20261009,0.21648279635608197,26219520,16,0
fixed_s62_silu_w10240_seed20261009,62,math,94,100,94.0,silu,20261009,0.14878510835766792,104872960,2,0
fixed_s62_silu_w10240_seed20261009,62,code,43,99,43.43434343434343,silu,20261009,0.14878510835766792,104872960,14,0
fixed_s62_silu2_w12288_seed20261009,62,math,93,100,93.0,silu2,20261009,0.13718109157681466,276853760,1,0
fixed_s62_silu2_w12288_seed20261009,62,code,41,99,41.41414141414141,silu2,20261009,0.13718109157681466,276853760,18,0
fixed_s63_affine_seed20261009,63,math,92,100,92.0,affine,20261009,0.09431219628453255,26219520,1,0
fixed_s63_affine_seed20261009,63,code,47,99,47.474747474747474,affine,20261009,0.09431219628453255,26219520,19,0
fixed_s63_silu_w10240_seed20261009,63,math,91,100,91.0,silu,20261009,0.06727054054476321,104872960,2,0
fixed_s63_silu_w10240_seed20261009,63,code,62,99,62.62626262626262,silu,20261009,0.06727054054476321,104872960,11,0
fixed_s63_silu2_w12288_seed20261009,63,math,94,100,94.0,silu2,20261009,0.06301416111923754,276853760,2,0
fixed_s63_silu2_w12288_seed20261009,63,code,65,99,65.65656565656566,silu2,20261009,0.06301416111923754,276853760,14,0
fixed_s62_affine_seed20261010,62,math,88,100,88.0,affine,20261010,0.21640324278175832,26219520,1,0
fixed_s62_affine_seed20261010,62,code,32,99,32.323232323232325,affine,20261010,0.21640324278175832,26219520,17,1
fixed_s62_silu_w10240_seed20261010,62,math,93,100,93.0,silu,20261010,0.14835039494931698,104872960,1,0
fixed_s62_silu_w10240_seed20261010,62,code,43,99,43.43434343434343,silu,20261010,0.14835039494931698,104872960,17,0
fixed_s62_silu2_w12288_seed20261010,62,math,91,100,91.0,silu2,20261010,0.137187067322433,276853760,1,0
fixed_s62_silu2_w12288_seed20261010,62,code,40,99,40.4040404040404,silu2,20261010,0.137187067322433,276853760,22,0
fixed_s63_affine_seed20261010,63,math,92,100,92.0,affine,20261010,0.09430011371523142,26219520,3,0
fixed_s63_affine_seed20261010,63,code,47,99,47.474747474747474,affine,20261010,0.09430011371523142,26219520,19,0
fixed_s63_silu_w10240_seed20261010,63,math,93,100,93.0,silu,20261010,0.06736289185658097,104872960,3,0
fixed_s63_silu_w10240_seed20261010,63,code,63,99,63.63636363636363,silu,20261010,0.06736289185658097,104872960,11,0
fixed_s63_silu2_w12288_seed20261010,63,math,93,100,93.0,silu2,20261010,0.06282541971839964,276853760,1,0
fixed_s63_silu2_w12288_seed20261010,63,code,62,99,62.62626262626262,silu2,20261010,0.06282541971839964,276853760,12,0
fixed_s63_linear1_w10240_seed20261008,63,math,93,100,93.0,linear1,20261008,0.0936037035509944,104872960,0,0
fixed_s63_linear1_w10240_seed20261008,63,code,47,99,47.474747474747474,linear1,20261008,0.0936037035509944,104872960,19,0
fixed_s63_linear2_w12288_seed20261008,63,math,92,100,92.0,linear2,20261008,0.09347946146130562,276853760,1,0
fixed_s63_linear2_w12288_seed20261008,63,code,47,99,47.474747474747474,linear2,20261008,0.09347946146130562,276853760,19,0
fixed_s63_linear1_w10240_seed20261009,63,math,90,100,90.0,linear1,20261009,0.09366384191811085,104872960,2,0
fixed_s63_linear1_w10240_seed20261009,63,code,48,99,48.484848484848484,linear1,20261009,0.09366384191811085,104872960,18,0
fixed_s63_linear2_w12288_seed20261009,63,math,92,100,92.0,linear2,20261009,0.09353288488835096,276853760,1,0
fixed_s63_linear2_w12288_seed20261009,63,code,47,99,47.474747474747474,linear2,20261009,0.09353288488835096,276853760,18,0
fixed_s63_linear1_w10240_seed20261010,63,math,93,100,93.0,linear1,20261010,0.09365035229176283,104872960,3,0
fixed_s63_linear1_w10240_seed20261010,63,code,47,99,47.474747474747474,linear1,20261010,0.09365035229176283,104872960,19,0
fixed_s63_linear2_w12288_seed20261010,63,math,92,100,92.0,linear2,20261010,0.09352123381197452,276853760,1,0
fixed_s63_linear2_w12288_seed20261010,63,code,47,99,47.474747474747474,linear2,20261010,0.09352123381197452,276853760,19,0
teacher_64,64,math,94,100,94.0,baseline,,,,0,0
teacher_64,64,code,71,99,71.71717171717172,baseline,,,,12,0
identity_62,62,math,20,100,20.0,baseline,,,,30,6
identity_62,62,code,0,99,0.0,baseline,,,,54,0
identity_63,63,math,75,100,75.0,baseline,,,,4,0
identity_63,63,code,14,99,14.141414141414142,baseline,,,,43,0
