depth,kind,domain,seeds,mean_correct,sd_correct,minimum,maximum,mean_percent
62,affine,math,3,88.66666666666667,0.5773502691896257,88,89,88.66666666666667
62,affine,code,3,31.666666666666668,0.5773502691896258,31,32,31.986531986531986
62,silu,math,3,93.33333333333333,0.5773502691896257,93,94,93.33333333333333
62,silu,code,3,43.0,0.0,43,43,43.43434343434344
62,silu2,math,3,92.0,1.0,91,93,92.0
62,silu2,code,3,40.333333333333336,0.5773502691896258,40,41,40.74074074074074
63,affine,math,3,92.0,0.0,92,92,92.0
63,affine,code,3,46.666666666666664,0.5773502691896258,46,47,47.138047138047135
63,silu,math,3,92.0,1.0,91,93,92.0
63,silu,code,3,63.0,1.0,62,64,63.63636363636363
63,silu2,math,3,93.33333333333333,0.5773502691896257,93,94,93.33333333333333
63,silu2,code,3,63.0,1.7320508075688772,62,65,63.63636363636363
63,linear1,math,3,92.0,1.7320508075688772,90,93,92.0
63,linear1,code,3,47.333333333333336,0.5773502691896258,47,48,47.811447811447806
63,linear2,math,3,92.0,0.0,92,92,92.0
63,linear2,code,3,47.0,0.0,47,47,47.47474747474748
