configuration,id,domain,prefix,bin,positions,mse,agreement
fixed_s62_silu_w10240_seed20261008,eval_gsm_59c5355ea658299f,math,teacher,pre,66,0.18404348245398564,0.9848484848484849
fixed_s62_silu_w10240_seed20261008,eval_gsm_59c5355ea658299f,math,teacher,0,1,0.13982367515563965,0.0
fixed_s62_silu_w10240_seed20261008,eval_gsm_59c5355ea658299f,math,teacher,1-7,7,0.17969048555408204,1.0
fixed_s62_silu_w10240_seed20261008,eval_gsm_59c5355ea658299f,math,teacher,8-15,8,0.13588548079133034,0.875
fixed_s62_silu_w10240_seed20261008,eval_gsm_59c5355ea658299f,math,teacher,16-31,16,0.18630853854119778,0.9375
fixed_s62_silu_w10240_seed20261008,eval_gsm_59c5355ea658299f,math,teacher,32+,7,0.059092464457665174,1.0
fixed_s62_silu_w10240_seed20261008,eval_gsm_59c5355ea658299f,math,adapter,pre,66,0.18404348245398564,0.9848484848484849
fixed_s62_silu_w10240_seed20261008,eval_gsm_59c5355ea658299f,math,adapter,0,1,0.13982367515563965,0.0
fixed_s62_silu_w10240_seed20261008,eval_gsm_59c5355ea658299f,math,adapter,1-7,7,0.17986031834568297,1.0
fixed_s62_silu_w10240_seed20261008,eval_gsm_59c5355ea658299f,math,adapter,8-15,8,0.14136326778680086,1.0
fixed_s62_silu_w10240_seed20261008,eval_gsm_59c5355ea658299f,math,adapter,16-31,16,0.17311126040294766,0.9375
fixed_s62_silu_w10240_seed20261008,eval_gsm_59c5355ea658299f,math,adapter,32+,10,0.07085704784840345,1.0
fixed_s62_silu_w10240_seed20261008,eval_gsm_6310f2348882816e,math,teacher,0,1,0.1802775114774704,0.0
fixed_s62_silu_w10240_seed20261008,eval_gsm_6310f2348882816e,math,teacher,1-7,7,0.26250403055122923,1.0
fixed_s62_silu_w10240_seed20261008,eval_gsm_6310f2348882816e,math,teacher,8-15,8,0.08515515178442001,1.0
fixed_s62_silu_w10240_seed20261008,eval_gsm_6310f2348882816e,math,teacher,16-31,16,0.17007380817085505,1.0
fixed_s62_silu_w10240_seed20261008,eval_gsm_6310f2348882816e,math,teacher,32+,60,0.1388596716026465,1.0
fixed_s62_silu_w10240_seed20261008,eval_gsm_6310f2348882816e,math,adapter,0,1,0.17922918498516083,0.0
fixed_s62_silu_w10240_seed20261008,eval_gsm_6310f2348882816e,math,adapter,1-7,7,0.16420994805438177,1.0
fixed_s62_silu_w10240_seed20261008,eval_gsm_6310f2348882816e,math,adapter,8-15,8,0.2543756663799286,1.0
fixed_s62_silu_w10240_seed20261008,eval_gsm_6310f2348882816e,math,adapter,16-31,16,0.14391780644655228,1.0
fixed_s62_silu_w10240_seed20261008,eval_gsm_6310f2348882816e,math,adapter,32+,49,0.11559503989256158,1.0
fixed_s62_silu_w10240_seed20261008,eval_gsm_3ed5b2575337aa1d,math,teacher,pre,2,0.38861965388059616,0.5
fixed_s62_silu_w10240_seed20261008,eval_gsm_3ed5b2575337aa1d,math,teacher,0,1,0.3934360146522522,0.0
fixed_s62_silu_w10240_seed20261008,eval_gsm_3ed5b2575337aa1d,math,teacher,1-7,7,0.1341671986239297,1.0
fixed_s62_silu_w10240_seed20261008,eval_gsm_3ed5b2575337aa1d,math,teacher,8-15,8,0.14233831595629454,1.0
fixed_s62_silu_w10240_seed20261008,eval_gsm_3ed5b2575337aa1d,math,teacher,16-31,16,0.19555373350158334,0.9375
fixed_s62_silu_w10240_seed20261008,eval_gsm_3ed5b2575337aa1d,math,teacher,32+,52,0.15005992216846117,0.9423076923076923
fixed_s62_silu_w10240_seed20261008,eval_gsm_3ed5b2575337aa1d,math,adapter,pre,2,0.38861965388059616,0.5
fixed_s62_silu_w10240_seed20261008,eval_gsm_3ed5b2575337aa1d,math,adapter,0,1,0.3934360146522522,0.0
fixed_s62_silu_w10240_seed20261008,eval_gsm_3ed5b2575337aa1d,math,adapter,1-7,7,0.1304682833807809,1.0
fixed_s62_silu_w10240_seed20261008,eval_gsm_3ed5b2575337aa1d,math,adapter,8-15,8,0.14000696130096912,0.875
fixed_s62_silu_w10240_seed20261008,eval_gsm_3ed5b2575337aa1d,math,adapter,16-31,16,0.19249396305531263,0.9375
fixed_s62_silu_w10240_seed20261008,eval_gsm_3ed5b2575337aa1d,math,adapter,32+,75,0.15581582133968672,0.9466666666666667
fixed_s62_silu_w10240_seed20261008,eval_gsm_5ce5e0b0dc470399,math,teacher,0,1,0.19675198197364807,0.0
fixed_s62_silu_w10240_seed20261008,eval_gsm_5ce5e0b0dc470399,math,teacher,1-7,7,0.14525277593306132,1.0
fixed_s62_silu_w10240_seed20261008,eval_gsm_5ce5e0b0dc470399,math,teacher,8-15,8,0.24917375855147839,1.0
fixed_s62_silu_w10240_seed20261008,eval_gsm_5ce5e0b0dc470399,math,teacher,16-31,16,0.2087783762253821,0.9375
fixed_s62_silu_w10240_seed20261008,eval_gsm_5ce5e0b0dc470399,math,teacher,32+,25,0.10898101218044758,0.96
fixed_s62_silu_w10240_seed20261008,eval_gsm_5ce5e0b0dc470399,math,adapter,0,1,0.19675198197364807,0.0
fixed_s62_silu_w10240_seed20261008,eval_gsm_5ce5e0b0dc470399,math,adapter,1-7,7,0.3279152885079384,1.0
fixed_s62_silu_w10240_seed20261008,eval_gsm_5ce5e0b0dc470399,math,adapter,8-15,8,0.11824667733162642,1.0
fixed_s62_silu_w10240_seed20261008,eval_gsm_5ce5e0b0dc470399,math,adapter,16-31,16,0.1604149837512523,1.0
fixed_s62_silu_w10240_seed20261008,eval_gsm_5ce5e0b0dc470399,math,adapter,32+,51,0.15265003883955525,0.9803921568627451
fixed_s62_silu_w10240_seed20261008,eval_gsm_6d1ccd867274ff4b,math,teacher,0,1,0.10068855434656143,0.0
fixed_s62_silu_w10240_seed20261008,eval_gsm_6d1ccd867274ff4b,math,teacher,1-7,7,0.12166244855948857,1.0
fixed_s62_silu_w10240_seed20261008,eval_gsm_6d1ccd867274ff4b,math,teacher,8-15,8,0.2657827576622367,0.75
fixed_s62_silu_w10240_seed20261008,eval_gsm_6d1ccd867274ff4b,math,teacher,16-31,16,0.11626021610572934,0.9375
fixed_s62_silu_w10240_seed20261008,eval_gsm_6d1ccd867274ff4b,math,teacher,32+,21,0.0615786708713997,0.9523809523809523
fixed_s62_silu_w10240_seed20261008,eval_gsm_6d1ccd867274ff4b,math,adapter,0,1,0.10068855434656143,0.0
fixed_s62_silu_w10240_seed20261008,eval_gsm_6d1ccd867274ff4b,math,adapter,1-7,7,0.11116845905780792,1.0
fixed_s62_silu_w10240_seed20261008,eval_gsm_6d1ccd867274ff4b,math,adapter,8-15,8,0.10870891716331244,0.625
fixed_s62_silu_w10240_seed20261008,eval_gsm_6d1ccd867274ff4b,math,adapter,16-31,16,0.10230643930844963,0.875
fixed_s62_silu_w10240_seed20261008,eval_gsm_6d1ccd867274ff4b,math,adapter,32+,24,0.06639788734416167,1.0
fixed_s62_silu_w10240_seed20261008,eval_gsm_2bfc44f7c692b171,math,teacher,0,1,0.29122039675712585,0.0
fixed_s62_silu_w10240_seed20261008,eval_gsm_2bfc44f7c692b171,math,teacher,1-7,7,0.30534850380250383,1.0
fixed_s62_silu_w10240_seed20261008,eval_gsm_2bfc44f7c692b171,math,teacher,8-15,8,0.11723977699875832,1.0
fixed_s62_silu_w10240_seed20261008,eval_gsm_2bfc44f7c692b171,math,teacher,16-31,16,0.26903295097872615,0.9375
fixed_s62_silu_w10240_seed20261008,eval_gsm_2bfc44f7c692b171,math,teacher,32+,55,0.10882294987413016,0.9636363636363636
fixed_s62_silu_w10240_seed20261008,eval_gsm_2bfc44f7c692b171,math,adapter,0,1,0.29122039675712585,0.0
fixed_s62_silu_w10240_seed20261008,eval_gsm_2bfc44f7c692b171,math,adapter,1-7,7,0.2703259438276291,0.8571428571428571
fixed_s62_silu_w10240_seed20261008,eval_gsm_2bfc44f7c692b171,math,adapter,8-15,8,0.12395149935036898,1.0
fixed_s62_silu_w10240_seed20261008,eval_gsm_2bfc44f7c692b171,math,adapter,16-31,16,0.16659320006147027,0.8125
fixed_s62_silu_w10240_seed20261008,eval_gsm_2bfc44f7c692b171,math,adapter,32+,66,0.18952789067318945,0.9848484848484849
fixed_s62_silu_w10240_seed20261008,eval_gsm_e8ea9344bce39ab3,math,teacher,0,1,0.10506033897399902,0.0
fixed_s62_silu_w10240_seed20261008,eval_gsm_e8ea9344bce39ab3,math,teacher,1-7,7,0.10738394781947136,0.7142857142857143
fixed_s62_silu_w10240_seed20261008,eval_gsm_e8ea9344bce39ab3,math,teacher,8-15,8,0.15862293727695942,0.875
fixed_s62_silu_w10240_seed20261008,eval_gsm_e8ea9344bce39ab3,math,teacher,16-31,16,0.22364945244044065,1.0
fixed_s62_silu_w10240_seed20261008,eval_gsm_e8ea9344bce39ab3,math,teacher,32+,80,0.1618488674517721,0.9625
fixed_s62_silu_w10240_seed20261008,eval_gsm_e8ea9344bce39ab3,math,adapter,0,1,0.10506033897399902,0.0
fixed_s62_silu_w10240_seed20261008,eval_gsm_e8ea9344bce39ab3,math,adapter,1-7,7,0.14811257698706218,1.0
fixed_s62_silu_w10240_seed20261008,eval_gsm_e8ea9344bce39ab3,math,adapter,8-15,8,0.12782390415668488,1.0
fixed_s62_silu_w10240_seed20261008,eval_gsm_e8ea9344bce39ab3,math,adapter,16-31,16,0.22169985622167587,1.0
fixed_s62_silu_w10240_seed20261008,eval_gsm_e8ea9344bce39ab3,math,adapter,32+,79,0.14207846930698503,0.9620253164556962
fixed_s62_silu_w10240_seed20261008,eval_gsm_d3df5e87991be637,math,teacher,pre,3,0.14150093495845795,0.6666666666666666
fixed_s62_silu_w10240_seed20261008,eval_gsm_d3df5e87991be637,math,teacher,0,1,0.11211114376783371,0.0
fixed_s62_silu_w10240_seed20261008,eval_gsm_d3df5e87991be637,math,teacher,1-7,7,0.13731864946229116,1.0
fixed_s62_silu_w10240_seed20261008,eval_gsm_d3df5e87991be637,math,teacher,8-15,8,0.1426926450803876,1.0
fixed_s62_silu_w10240_seed20261008,eval_gsm_d3df5e87991be637,math,teacher,16-31,16,0.13199968193657696,1.0
fixed_s62_silu_w10240_seed20261008,eval_gsm_d3df5e87991be637,math,teacher,32+,43,0.10561007399891698,1.0
fixed_s62_silu_w10240_seed20261008,eval_gsm_d3df5e87991be637,math,adapter,pre,3,0.14149116476376852,0.6666666666666666
fixed_s62_silu_w10240_seed20261008,eval_gsm_d3df5e87991be637,math,adapter,0,1,0.11364523321390152,0.0
fixed_s62_silu_w10240_seed20261008,eval_gsm_d3df5e87991be637,math,adapter,1-7,7,0.117011125598635,0.8571428571428571
fixed_s62_silu_w10240_seed20261008,eval_gsm_d3df5e87991be637,math,adapter,8-15,8,0.09417542209848762,1.0
fixed_s62_silu_w10240_seed20261008,eval_gsm_d3df5e87991be637,math,adapter,16-31,16,0.1334453164599836,1.0
fixed_s62_silu_w10240_seed20261008,eval_gsm_d3df5e87991be637,math,adapter,32+,24,0.0846861897346874,0.9166666666666666
fixed_s62_silu_w10240_seed20261008,eval_gsm_6399ac2ad7482918,math,teacher,pre,32,0.20691501663532108,1.0
fixed_s62_silu_w10240_seed20261008,eval_gsm_6399ac2ad7482918,math,teacher,0,1,0.13502973318099976,1.0
fixed_s62_silu_w10240_seed20261008,eval_gsm_6399ac2ad7482918,math,teacher,1-7,7,0.07748113359723773,1.0
fixed_s62_silu_w10240_seed20261008,eval_gsm_6399ac2ad7482918,math,teacher,8-15,8,0.07340175891295075,1.0
fixed_s62_silu_w10240_seed20261008,eval_gsm_6399ac2ad7482918,math,teacher,16-31,3,0.09119912981987,1.0
fixed_s62_silu_w10240_seed20261008,eval_gsm_6399ac2ad7482918,math,adapter,pre,32,0.20691501663532108,1.0
fixed_s62_silu_w10240_seed20261008,eval_gsm_6399ac2ad7482918,math,adapter,0,1,0.13502973318099976,1.0
fixed_s62_silu_w10240_seed20261008,eval_gsm_6399ac2ad7482918,math,adapter,1-7,7,0.10276949192796435,1.0
fixed_s62_silu_w10240_seed20261008,eval_gsm_6399ac2ad7482918,math,adapter,8-15,8,0.06094001606106758,1.0
fixed_s62_silu_w10240_seed20261008,eval_gsm_6399ac2ad7482918,math,adapter,16-31,2,0.0995701402425766,1.0
fixed_s62_silu_w10240_seed20261008,eval_gsm_1b24fcde9d5650b9,math,teacher,pre,2,0.4410307854413986,1.0
fixed_s62_silu_w10240_seed20261008,eval_gsm_1b24fcde9d5650b9,math,teacher,0,1,0.22647880017757416,0.0
fixed_s62_silu_w10240_seed20261008,eval_gsm_1b24fcde9d5650b9,math,teacher,1-7,7,0.13244777279240744,1.0
fixed_s62_silu_w10240_seed20261008,eval_gsm_1b24fcde9d5650b9,math,teacher,8-15,8,0.16103597916662693,1.0
fixed_s62_silu_w10240_seed20261008,eval_gsm_1b24fcde9d5650b9,math,teacher,16-31,16,0.2887015203014016,1.0
fixed_s62_silu_w10240_seed20261008,eval_gsm_1b24fcde9d5650b9,math,teacher,32+,46,0.13851724382813857,1.0
fixed_s62_silu_w10240_seed20261008,eval_gsm_1b24fcde9d5650b9,math,adapter,pre,2,0.4410307854413986,1.0
fixed_s62_silu_w10240_seed20261008,eval_gsm_1b24fcde9d5650b9,math,adapter,0,1,0.22647880017757416,0.0
fixed_s62_silu_w10240_seed20261008,eval_gsm_1b24fcde9d5650b9,math,adapter,1-7,7,0.1299735169325556,1.0
fixed_s62_silu_w10240_seed20261008,eval_gsm_1b24fcde9d5650b9,math,adapter,8-15,8,0.15096909552812576,1.0
fixed_s62_silu_w10240_seed20261008,eval_gsm_1b24fcde9d5650b9,math,adapter,16-31,16,0.3004035181365907,1.0
fixed_s62_silu_w10240_seed20261008,eval_gsm_1b24fcde9d5650b9,math,adapter,32+,46,0.13171969827912425,0.9782608695652174
fixed_s62_silu_w10240_seed20261008,mbpp_549,code,teacher,pre,5,0.20005107969045638,1.0
fixed_s62_silu_w10240_seed20261008,mbpp_549,code,teacher,0,1,0.8445615768432617,0.0
fixed_s62_silu_w10240_seed20261008,mbpp_549,code,teacher,1-7,7,0.30706007459333967,0.8571428571428571
fixed_s62_silu_w10240_seed20261008,mbpp_549,code,teacher,8-15,8,0.10831279354169965,1.0
fixed_s62_silu_w10240_seed20261008,mbpp_549,code,teacher,16-31,16,0.13066653232090175,0.875
fixed_s62_silu_w10240_seed20261008,mbpp_549,code,teacher,32+,11,0.11834654686125842,1.0
fixed_s62_silu_w10240_seed20261008,mbpp_549,code,adapter,pre,5,0.20005107969045638,1.0
fixed_s62_silu_w10240_seed20261008,mbpp_549,code,adapter,0,1,0.8445615768432617,0.0
fixed_s62_silu_w10240_seed20261008,mbpp_549,code,adapter,1-7,7,0.129777442663908,1.0
fixed_s62_silu_w10240_seed20261008,mbpp_549,code,adapter,8-15,8,0.217008538544178,1.0
fixed_s62_silu_w10240_seed20261008,mbpp_549,code,adapter,16-31,16,0.11708573368377984,1.0
fixed_s62_silu_w10240_seed20261008,mbpp_549,code,adapter,32+,2,0.18395255878567696,1.0
fixed_s62_silu_w10240_seed20261008,mbpp_600,code,teacher,pre,6,0.23466877142588297,1.0
fixed_s62_silu_w10240_seed20261008,mbpp_600,code,teacher,0,1,1.0841847658157349,0.0
fixed_s62_silu_w10240_seed20261008,mbpp_600,code,teacher,1-7,7,0.11068884336522647,1.0
fixed_s62_silu_w10240_seed20261008,mbpp_600,code,teacher,8-15,8,0.1268101679161191,1.0
fixed_s62_silu_w10240_seed20261008,mbpp_600,code,teacher,16-31,2,0.08925212919712067,1.0
fixed_s62_silu_w10240_seed20261008,mbpp_600,code,adapter,pre,6,0.23770528162519136,1.0
fixed_s62_silu_w10240_seed20261008,mbpp_600,code,adapter,0,1,1.08943772315979,0.0
fixed_s62_silu_w10240_seed20261008,mbpp_600,code,adapter,1-7,7,0.13306600068296706,0.8571428571428571
fixed_s62_silu_w10240_seed20261008,mbpp_600,code,adapter,8-15,8,0.14775802195072174,1.0
fixed_s62_silu_w10240_seed20261008,mbpp_600,code,adapter,16-31,6,0.12802539269129434,1.0
fixed_s62_silu_w10240_seed20261008,mbpp_594,code,teacher,pre,41,0.14803828026463345,1.0
fixed_s62_silu_w10240_seed20261008,mbpp_594,code,teacher,0,1,0.060554321855306625,0.0
fixed_s62_silu_w10240_seed20261008,mbpp_594,code,teacher,1-7,7,0.15941028935568674,1.0
fixed_s62_silu_w10240_seed20261008,mbpp_594,code,teacher,8-15,8,0.15542970597743988,1.0
fixed_s62_silu_w10240_seed20261008,mbpp_594,code,teacher,16-31,16,0.2947794608771801,1.0
fixed_s62_silu_w10240_seed20261008,mbpp_594,code,teacher,32+,47,0.20946047581890795,0.9574468085106383
fixed_s62_silu_w10240_seed20261008,mbpp_594,code,adapter,pre,41,0.1478038760947018,1.0
fixed_s62_silu_w10240_seed20261008,mbpp_594,code,adapter,0,1,0.061033498495817184,0.0
fixed_s62_silu_w10240_seed20261008,mbpp_594,code,adapter,1-7,7,0.13466279634407588,1.0
fixed_s62_silu_w10240_seed20261008,mbpp_594,code,adapter,8-15,8,0.1542073916643858,1.0
fixed_s62_silu_w10240_seed20261008,mbpp_594,code,adapter,16-31,16,0.18672153213992715,0.875
fixed_s62_silu_w10240_seed20261008,mbpp_594,code,adapter,32+,8,0.15254704467952251,0.75
fixed_s62_silu_w10240_seed20261008,mbpp_533,code,teacher,pre,8,0.2668223325163126,1.0
fixed_s62_silu_w10240_seed20261008,mbpp_533,code,teacher,0,1,0.5650296211242676,0.0
fixed_s62_silu_w10240_seed20261008,mbpp_533,code,teacher,1-7,7,0.2090821447116988,0.8571428571428571
fixed_s62_silu_w10240_seed20261008,mbpp_533,code,teacher,8-15,8,0.23265922255814075,0.875
fixed_s62_silu_w10240_seed20261008,mbpp_533,code,teacher,16-31,7,0.15732467600277492,1.0
fixed_s62_silu_w10240_seed20261008,mbpp_533,code,adapter,pre,8,0.2668223325163126,1.0
fixed_s62_silu_w10240_seed20261008,mbpp_533,code,adapter,0,1,0.5650296211242676,0.0
fixed_s62_silu_w10240_seed20261008,mbpp_533,code,adapter,1-7,7,0.249167477445943,0.8571428571428571
fixed_s62_silu_w10240_seed20261008,mbpp_533,code,adapter,8-15,8,0.18671320751309395,0.875
fixed_s62_silu_w10240_seed20261008,mbpp_533,code,adapter,16-31,8,0.19314642623066902,1.0
fixed_s62_silu_w10240_seed20261008,mbpp_529,code,teacher,pre,6,0.3543250101308028,1.0
fixed_s62_silu_w10240_seed20261008,mbpp_529,code,teacher,0,1,2.2585198879241943,0.0
fixed_s62_silu_w10240_seed20261008,mbpp_529,code,teacher,1-7,7,0.4670047504561288,0.7142857142857143
fixed_s62_silu_w10240_seed20261008,mbpp_529,code,teacher,8-15,8,0.21358125004917383,0.875
fixed_s62_silu_w10240_seed20261008,mbpp_529,code,teacher,16-31,16,0.16446636128239334,1.0
fixed_s62_silu_w10240_seed20261008,mbpp_529,code,teacher,32+,70,0.1577213406030621,0.9857142857142858
fixed_s62_silu_w10240_seed20261008,mbpp_529,code,adapter,pre,6,0.35876403252283734,1.0
fixed_s62_silu_w10240_seed20261008,mbpp_529,code,adapter,0,1,2.3088481426239014,0.0
fixed_s62_silu_w10240_seed20261008,mbpp_529,code,adapter,1-7,7,0.39521265987839016,0.8571428571428571
fixed_s62_silu_w10240_seed20261008,mbpp_529,code,adapter,8-15,8,0.17674039863049984,1.0
fixed_s62_silu_w10240_seed20261008,mbpp_529,code,adapter,16-31,16,0.22468520514667034,1.0
fixed_s62_silu_w10240_seed20261008,mbpp_529,code,adapter,32+,218,0.24666547342929818,0.981651376146789
fixed_s62_silu_w10240_seed20261008,mbpp_547,code,teacher,pre,6,0.33815886949499446,1.0
fixed_s62_silu_w10240_seed20261008,mbpp_547,code,teacher,0,1,1.0094016790390015,0.0
fixed_s62_silu_w10240_seed20261008,mbpp_547,code,teacher,1-7,7,0.6068758059825216,0.5714285714285714
fixed_s62_silu_w10240_seed20261008,mbpp_547,code,teacher,8-15,8,0.14867568761110306,0.875
fixed_s62_silu_w10240_seed20261008,mbpp_547,code,teacher,16-31,16,0.23224639846011996,0.9375
fixed_s62_silu_w10240_seed20261008,mbpp_547,code,teacher,32+,88,0.22400122859769248,0.9204545454545454
fixed_s62_silu_w10240_seed20261008,mbpp_547,code,adapter,pre,6,0.3369213591019313,1.0
fixed_s62_silu_w10240_seed20261008,mbpp_547,code,adapter,0,1,1.014119029045105,0.0
fixed_s62_silu_w10240_seed20261008,mbpp_547,code,adapter,1-7,7,0.36096222166504177,0.8571428571428571
fixed_s62_silu_w10240_seed20261008,mbpp_547,code,adapter,8-15,8,0.185545327141881,0.75
fixed_s62_silu_w10240_seed20261008,mbpp_589,code,teacher,pre,7,0.2880106142589024,1.0
fixed_s62_silu_w10240_seed20261008,mbpp_589,code,teacher,0,1,0.14212666451931,0.0
fixed_s62_silu_w10240_seed20261008,mbpp_589,code,teacher,1-7,7,0.11585195788315364,1.0
fixed_s62_silu_w10240_seed20261008,mbpp_589,code,teacher,8-15,8,0.14345539081841707,1.0
fixed_s62_silu_w10240_seed20261008,mbpp_589,code,teacher,16-31,16,0.15356086241081357,1.0
fixed_s62_silu_w10240_seed20261008,mbpp_589,code,teacher,32+,22,0.13801893490281972,1.0
fixed_s62_silu_w10240_seed20261008,mbpp_589,code,adapter,pre,7,0.2880106142589024,1.0
fixed_s62_silu_w10240_seed20261008,mbpp_589,code,adapter,0,1,0.14212666451931,0.0
fixed_s62_silu_w10240_seed20261008,mbpp_589,code,adapter,1-7,7,0.091298160808427,1.0
fixed_s62_silu_w10240_seed20261008,mbpp_589,code,adapter,8-15,8,0.17936533223837614,0.75
fixed_s62_silu_w10240_seed20261008,mbpp_589,code,adapter,16-31,16,0.151339300442487,1.0
fixed_s62_silu_w10240_seed20261008,mbpp_589,code,adapter,32+,34,0.13007811051519477,1.0
fixed_s62_silu_w10240_seed20261008,mbpp_523,code,teacher,pre,10,0.19595910459756852,1.0
fixed_s62_silu_w10240_seed20261008,mbpp_523,code,teacher,0,1,0.22040978074073792,0.0
fixed_s62_silu_w10240_seed20261008,mbpp_523,code,teacher,1-7,7,0.2745164781808853,0.8571428571428571
fixed_s62_silu_w10240_seed20261008,mbpp_523,code,teacher,8-15,8,0.3856787458062172,1.0
fixed_s62_silu_w10240_seed20261008,mbpp_523,code,teacher,16-31,16,0.19971599895507097,1.0
fixed_s62_silu_w10240_seed20261008,mbpp_523,code,teacher,32+,188,0.41152870060598595,0.9893617021276596
fixed_s62_silu_w10240_seed20261008,mbpp_523,code,adapter,pre,10,0.19756704121828078,1.0
fixed_s62_silu_w10240_seed20261008,mbpp_523,code,adapter,0,1,0.22137944400310516,0.0
fixed_s62_silu_w10240_seed20261008,mbpp_523,code,adapter,1-7,7,0.23248304000922612,0.8571428571428571
fixed_s62_silu_w10240_seed20261008,mbpp_523,code,adapter,8-15,8,0.1773981973528862,0.875
fixed_s62_silu_w10240_seed20261008,mbpp_523,code,adapter,16-31,16,0.33225920237600803,1.0
fixed_s62_silu_w10240_seed20261008,mbpp_523,code,adapter,32+,133,0.28187058773592,0.9774436090225563
fixed_s62_silu2_w12288_seed20261008,eval_gsm_59c5355ea658299f,math,teacher,pre,42,0.166567174274297,0.9761904761904762
fixed_s62_silu2_w12288_seed20261008,eval_gsm_59c5355ea658299f,math,teacher,0,1,0.09857296198606491,0.0
fixed_s62_silu2_w12288_seed20261008,eval_gsm_59c5355ea658299f,math,teacher,1-7,7,0.1474089856658663,1.0
fixed_s62_silu2_w12288_seed20261008,eval_gsm_59c5355ea658299f,math,teacher,8-15,8,0.2146211788058281,1.0
fixed_s62_silu2_w12288_seed20261008,eval_gsm_59c5355ea658299f,math,teacher,16-31,16,0.19070745538920164,0.9375
fixed_s62_silu2_w12288_seed20261008,eval_gsm_59c5355ea658299f,math,teacher,32+,31,0.13424871519448295,0.9354838709677419
fixed_s62_silu2_w12288_seed20261008,eval_gsm_59c5355ea658299f,math,adapter,pre,42,0.166567174274297,0.9761904761904762
fixed_s62_silu2_w12288_seed20261008,eval_gsm_59c5355ea658299f,math,adapter,0,1,0.09857296198606491,0.0
fixed_s62_silu2_w12288_seed20261008,eval_gsm_59c5355ea658299f,math,adapter,1-7,7,0.14933520768369948,1.0
fixed_s62_silu2_w12288_seed20261008,eval_gsm_59c5355ea658299f,math,adapter,8-15,8,0.21451944671571255,1.0
fixed_s62_silu2_w12288_seed20261008,eval_gsm_59c5355ea658299f,math,adapter,16-31,16,0.18893992947414517,1.0
fixed_s62_silu2_w12288_seed20261008,eval_gsm_59c5355ea658299f,math,adapter,32+,32,0.13222338497871533,0.90625
fixed_s62_silu2_w12288_seed20261008,eval_gsm_6310f2348882816e,math,teacher,0,1,0.17065639793872833,0.0
fixed_s62_silu2_w12288_seed20261008,eval_gsm_6310f2348882816e,math,teacher,1-7,7,0.24761009216308594,1.0
fixed_s62_silu2_w12288_seed20261008,eval_gsm_6310f2348882816e,math,teacher,8-15,8,0.07517194049432874,1.0
fixed_s62_silu2_w12288_seed20261008,eval_gsm_6310f2348882816e,math,teacher,16-31,16,0.15913816425018013,1.0
fixed_s62_silu2_w12288_seed20261008,eval_gsm_6310f2348882816e,math,teacher,32+,60,0.1265677973628044,1.0
fixed_s62_silu2_w12288_seed20261008,eval_gsm_6310f2348882816e,math,adapter,0,1,0.16989539563655853,0.0
fixed_s62_silu2_w12288_seed20261008,eval_gsm_6310f2348882816e,math,adapter,1-7,7,0.15897309886557714,1.0
fixed_s62_silu2_w12288_seed20261008,eval_gsm_6310f2348882816e,math,adapter,8-15,8,0.24113065470010042,1.0
fixed_s62_silu2_w12288_seed20261008,eval_gsm_6310f2348882816e,math,adapter,16-31,16,0.13702124450355768,1.0
fixed_s62_silu2_w12288_seed20261008,eval_gsm_6310f2348882816e,math,adapter,32+,49,0.10642684000183125,1.0
fixed_s62_silu2_w12288_seed20261008,eval_gsm_3ed5b2575337aa1d,math,teacher,pre,2,0.3896024599671364,1.0
fixed_s62_silu2_w12288_seed20261008,eval_gsm_3ed5b2575337aa1d,math,teacher,0,1,0.385831743478775,0.0
fixed_s62_silu2_w12288_seed20261008,eval_gsm_3ed5b2575337aa1d,math,teacher,1-7,7,0.12958539170878275,1.0
fixed_s62_silu2_w12288_seed20261008,eval_gsm_3ed5b2575337aa1d,math,teacher,8-15,8,0.13896956760436296,1.0
fixed_s62_silu2_w12288_seed20261008,eval_gsm_3ed5b2575337aa1d,math,teacher,16-31,16,0.18478591507300735,1.0
fixed_s62_silu2_w12288_seed20261008,eval_gsm_3ed5b2575337aa1d,math,teacher,32+,52,0.14112284048818624,0.9423076923076923
fixed_s62_silu2_w12288_seed20261008,eval_gsm_3ed5b2575337aa1d,math,adapter,pre,2,0.3896024599671364,1.0
fixed_s62_silu2_w12288_seed20261008,eval_gsm_3ed5b2575337aa1d,math,adapter,0,1,0.385831743478775,0.0
fixed_s62_silu2_w12288_seed20261008,eval_gsm_3ed5b2575337aa1d,math,adapter,1-7,7,0.12611763711486543,1.0
fixed_s62_silu2_w12288_seed20261008,eval_gsm_3ed5b2575337aa1d,math,adapter,8-15,8,0.1379578923806548,0.875
fixed_s62_silu2_w12288_seed20261008,eval_gsm_3ed5b2575337aa1d,math,adapter,16-31,16,0.18447150476276875,0.9375
fixed_s62_silu2_w12288_seed20261008,eval_gsm_3ed5b2575337aa1d,math,adapter,32+,70,0.15096198064940317,0.9857142857142858
fixed_s62_silu2_w12288_seed20261008,eval_gsm_5ce5e0b0dc470399,math,teacher,pre,41,0.18582572524503962,1.0
fixed_s62_silu2_w12288_seed20261008,eval_gsm_5ce5e0b0dc470399,math,teacher,0,1,0.05262278392910957,0.0
fixed_s62_silu2_w12288_seed20261008,eval_gsm_5ce5e0b0dc470399,math,teacher,1-7,7,0.0944213473371097,1.0
fixed_s62_silu2_w12288_seed20261008,eval_gsm_5ce5e0b0dc470399,math,teacher,8-15,8,0.04108931450173259,1.0
fixed_s62_silu2_w12288_seed20261008,eval_gsm_5ce5e0b0dc470399,math,adapter,pre,41,0.18630055928739106,1.0
fixed_s62_silu2_w12288_seed20261008,eval_gsm_5ce5e0b0dc470399,math,adapter,0,1,0.0524623766541481,0.0
fixed_s62_silu2_w12288_seed20261008,eval_gsm_5ce5e0b0dc470399,math,adapter,1-7,5,0.04788888394832611,1.0
fixed_s62_silu2_w12288_seed20261008,eval_gsm_6d1ccd867274ff4b,math,teacher,0,1,0.08720621466636658,0.0
fixed_s62_silu2_w12288_seed20261008,eval_gsm_6d1ccd867274ff4b,math,teacher,1-7,7,0.11718816523041044,1.0
fixed_s62_silu2_w12288_seed20261008,eval_gsm_6d1ccd867274ff4b,math,teacher,8-15,8,0.24244145303964615,0.875
fixed_s62_silu2_w12288_seed20261008,eval_gsm_6d1ccd867274ff4b,math,teacher,16-31,16,0.11234723636880517,0.9375
fixed_s62_silu2_w12288_seed20261008,eval_gsm_6d1ccd867274ff4b,math,teacher,32+,21,0.05429586262575218,1.0
fixed_s62_silu2_w12288_seed20261008,eval_gsm_6d1ccd867274ff4b,math,adapter,0,1,0.08720621466636658,0.0
fixed_s62_silu2_w12288_seed20261008,eval_gsm_6d1ccd867274ff4b,math,adapter,1-7,7,0.10631691983767919,1.0
fixed_s62_silu2_w12288_seed20261008,eval_gsm_6d1ccd867274ff4b,math,adapter,8-15,8,0.10479289945214987,0.75
fixed_s62_silu2_w12288_seed20261008,eval_gsm_6d1ccd867274ff4b,math,adapter,16-31,16,0.09967516968026757,0.875
fixed_s62_silu2_w12288_seed20261008,eval_gsm_6d1ccd867274ff4b,math,adapter,32+,24,0.058772515738382936,1.0
fixed_s62_silu2_w12288_seed20261008,eval_gsm_2bfc44f7c692b171,math,teacher,0,1,0.28342387080192566,0.0
fixed_s62_silu2_w12288_seed20261008,eval_gsm_2bfc44f7c692b171,math,teacher,1-7,7,0.28926444905144827,0.7142857142857143
fixed_s62_silu2_w12288_seed20261008,eval_gsm_2bfc44f7c692b171,math,teacher,8-15,8,0.10812245961278677,1.0
fixed_s62_silu2_w12288_seed20261008,eval_gsm_2bfc44f7c692b171,math,teacher,16-31,16,0.2637752518057823,0.9375
fixed_s62_silu2_w12288_seed20261008,eval_gsm_2bfc44f7c692b171,math,teacher,32+,55,0.10040197672153062,0.9636363636363636
fixed_s62_silu2_w12288_seed20261008,eval_gsm_2bfc44f7c692b171,math,adapter,0,1,0.28342387080192566,0.0
fixed_s62_silu2_w12288_seed20261008,eval_gsm_2bfc44f7c692b171,math,adapter,1-7,7,0.16705782498632157,1.0
fixed_s62_silu2_w12288_seed20261008,eval_gsm_2bfc44f7c692b171,math,adapter,8-15,8,0.21061943843960762,0.875
fixed_s62_silu2_w12288_seed20261008,eval_gsm_2bfc44f7c692b171,math,adapter,16-31,16,0.25327861914411187,0.9375
fixed_s62_silu2_w12288_seed20261008,eval_gsm_2bfc44f7c692b171,math,adapter,32+,48,0.0939954510734727,0.9791666666666666
fixed_s62_silu2_w12288_seed20261008,eval_gsm_e8ea9344bce39ab3,math,teacher,pre,6,0.1057723630219698,1.0
fixed_s62_silu2_w12288_seed20261008,eval_gsm_e8ea9344bce39ab3,math,teacher,0,1,0.10457674413919449,0.0
fixed_s62_silu2_w12288_seed20261008,eval_gsm_e8ea9344bce39ab3,math,teacher,1-7,7,0.13925601435559137,1.0
fixed_s62_silu2_w12288_seed20261008,eval_gsm_e8ea9344bce39ab3,math,teacher,8-15,8,0.16793347150087357,0.875
fixed_s62_silu2_w12288_seed20261008,eval_gsm_e8ea9344bce39ab3,math,teacher,16-31,16,0.1981464591808617,0.875
fixed_s62_silu2_w12288_seed20261008,eval_gsm_e8ea9344bce39ab3,math,teacher,32+,74,0.14931319175741156,0.972972972972973
fixed_s62_silu2_w12288_seed20261008,eval_gsm_e8ea9344bce39ab3,math,adapter,pre,6,0.1057723630219698,1.0
fixed_s62_silu2_w12288_seed20261008,eval_gsm_e8ea9344bce39ab3,math,adapter,0,1,0.10457674413919449,0.0
fixed_s62_silu2_w12288_seed20261008,eval_gsm_e8ea9344bce39ab3,math,adapter,1-7,7,0.12961216058049882,1.0
fixed_s62_silu2_w12288_seed20261008,eval_gsm_e8ea9344bce39ab3,math,adapter,8-15,8,0.13103429600596428,0.875
fixed_s62_silu2_w12288_seed20261008,eval_gsm_e8ea9344bce39ab3,math,adapter,16-31,16,0.18704579211771488,1.0
fixed_s62_silu2_w12288_seed20261008,eval_gsm_e8ea9344bce39ab3,math,adapter,32+,74,0.1388949080294854,0.9864864864864865
fixed_s62_silu2_w12288_seed20261008,eval_gsm_d3df5e87991be637,math,teacher,0,1,0.12098201364278793,0.0
fixed_s62_silu2_w12288_seed20261008,eval_gsm_d3df5e87991be637,math,teacher,1-7,7,0.13812264055013657,0.8571428571428571
fixed_s62_silu2_w12288_seed20261008,eval_gsm_d3df5e87991be637,math,teacher,8-15,8,0.11737076565623283,1.0
fixed_s62_silu2_w12288_seed20261008,eval_gsm_d3df5e87991be637,math,teacher,16-31,16,0.1265896789263934,1.0
fixed_s62_silu2_w12288_seed20261008,eval_gsm_d3df5e87991be637,math,teacher,32+,46,0.09721494413426389,1.0
fixed_s62_silu2_w12288_seed20261008,eval_gsm_d3df5e87991be637,math,adapter,0,1,0.11939933151006699,0.0
fixed_s62_silu2_w12288_seed20261008,eval_gsm_d3df5e87991be637,math,adapter,1-7,7,0.08318562539560455,0.7142857142857143
fixed_s62_silu2_w12288_seed20261008,eval_gsm_d3df5e87991be637,math,adapter,8-15,8,0.07300553447566926,1.0
fixed_s62_silu2_w12288_seed20261008,eval_gsm_d3df5e87991be637,math,adapter,16-31,16,0.10932975774630904,1.0
fixed_s62_silu2_w12288_seed20261008,eval_gsm_d3df5e87991be637,math,adapter,32+,29,0.0628017444677394,1.0
fixed_s62_silu2_w12288_seed20261008,eval_gsm_6399ac2ad7482918,math,teacher,pre,32,0.19129266525851563,1.0
fixed_s62_silu2_w12288_seed20261008,eval_gsm_6399ac2ad7482918,math,teacher,0,1,0.13350260257720947,0.0
fixed_s62_silu2_w12288_seed20261008,eval_gsm_6399ac2ad7482918,math,teacher,1-7,7,0.07186288971986089,1.0
fixed_s62_silu2_w12288_seed20261008,eval_gsm_6399ac2ad7482918,math,teacher,8-15,8,0.06678550038486719,1.0
fixed_s62_silu2_w12288_seed20261008,eval_gsm_6399ac2ad7482918,math,teacher,16-31,3,0.08167119448383649,1.0
fixed_s62_silu2_w12288_seed20261008,eval_gsm_6399ac2ad7482918,math,adapter,pre,32,0.19129266525851563,1.0
fixed_s62_silu2_w12288_seed20261008,eval_gsm_6399ac2ad7482918,math,adapter,0,1,0.13350260257720947,0.0
fixed_s62_silu2_w12288_seed20261008,eval_gsm_6399ac2ad7482918,math,adapter,1-7,7,0.0967332406767777,1.0
fixed_s62_silu2_w12288_seed20261008,eval_gsm_6399ac2ad7482918,math,adapter,8-15,8,0.05501886899583042,1.0
fixed_s62_silu2_w12288_seed20261008,eval_gsm_6399ac2ad7482918,math,adapter,16-31,2,0.08805431053042412,1.0
fixed_s62_silu2_w12288_seed20261008,mbpp_549,code,teacher,pre,5,0.1793058156967163,1.0
fixed_s62_silu2_w12288_seed20261008,mbpp_549,code,teacher,0,1,0.8163700103759766,0.0
fixed_s62_silu2_w12288_seed20261008,mbpp_549,code,teacher,1-7,7,0.2917858750692436,0.7142857142857143
fixed_s62_silu2_w12288_seed20261008,mbpp_549,code,teacher,8-15,8,0.09476448409259319,1.0
fixed_s62_silu2_w12288_seed20261008,mbpp_549,code,teacher,16-31,16,0.12036463152617216,0.9375
fixed_s62_silu2_w12288_seed20261008,mbpp_549,code,teacher,32+,11,0.10537876290353862,1.0
fixed_s62_silu2_w12288_seed20261008,mbpp_549,code,adapter,pre,5,0.1793058156967163,1.0
fixed_s62_silu2_w12288_seed20261008,mbpp_549,code,adapter,0,1,0.8163700103759766,0.0
fixed_s62_silu2_w12288_seed20261008,mbpp_549,code,adapter,1-7,7,0.1141025157911437,1.0
fixed_s62_silu2_w12288_seed20261008,mbpp_549,code,adapter,8-15,8,0.19914130680263042,1.0
fixed_s62_silu2_w12288_seed20261008,mbpp_549,code,adapter,16-31,16,0.10499913129024208,1.0
fixed_s62_silu2_w12288_seed20261008,mbpp_549,code,adapter,32+,2,0.16336185112595558,1.0
fixed_s62_silu2_w12288_seed20261008,mbpp_600,code,teacher,pre,6,0.20776876186331114,1.0
fixed_s62_silu2_w12288_seed20261008,mbpp_600,code,teacher,0,1,1.0969222784042358,0.0
fixed_s62_silu2_w12288_seed20261008,mbpp_600,code,teacher,1-7,7,0.09806195433650698,1.0
fixed_s62_silu2_w12288_seed20261008,mbpp_600,code,teacher,8-15,8,0.10996559634804726,1.0
fixed_s62_silu2_w12288_seed20261008,mbpp_600,code,teacher,16-31,2,0.07905491441488266,1.0
fixed_s62_silu2_w12288_seed20261008,mbpp_600,code,adapter,pre,6,0.210714985926946,1.0
fixed_s62_silu2_w12288_seed20261008,mbpp_600,code,adapter,0,1,1.1019755601882935,0.0
fixed_s62_silu2_w12288_seed20261008,mbpp_600,code,adapter,1-7,7,0.12539796318326676,0.8571428571428571
fixed_s62_silu2_w12288_seed20261008,mbpp_600,code,adapter,8-15,8,0.1340702921152115,1.0
fixed_s62_silu2_w12288_seed20261008,mbpp_600,code,adapter,16-31,6,0.11364635452628136,1.0
fixed_s62_silu2_w12288_seed20261008,mbpp_594,code,teacher,pre,41,0.13247571313163128,1.0
fixed_s62_silu2_w12288_seed20261008,mbpp_594,code,teacher,0,1,0.054354406893253326,0.0
fixed_s62_silu2_w12288_seed20261008,mbpp_594,code,teacher,1-7,7,0.1441208996943065,1.0
fixed_s62_silu2_w12288_seed20261008,mbpp_594,code,teacher,8-15,8,0.14475759770721197,1.0
fixed_s62_silu2_w12288_seed20261008,mbpp_594,code,teacher,16-31,16,0.28002006793394685,1.0
fixed_s62_silu2_w12288_seed20261008,mbpp_594,code,teacher,32+,47,0.19370011755443634,0.9574468085106383
fixed_s62_silu2_w12288_seed20261008,mbpp_594,code,adapter,pre,41,0.13223345577716827,1.0
fixed_s62_silu2_w12288_seed20261008,mbpp_594,code,adapter,0,1,0.05478648096323013,0.0
fixed_s62_silu2_w12288_seed20261008,mbpp_594,code,adapter,1-7,7,0.1276969313621521,1.0
fixed_s62_silu2_w12288_seed20261008,mbpp_594,code,adapter,8-15,8,0.14758425951004028,1.0
fixed_s62_silu2_w12288_seed20261008,mbpp_594,code,adapter,16-31,16,0.17698923568241298,0.875
fixed_s62_silu2_w12288_seed20261008,mbpp_594,code,adapter,32+,11,0.1308758556842804,0.9090909090909091
fixed_s62_silu2_w12288_seed20261008,mbpp_533,code,teacher,pre,8,0.2638049656525254,1.0
fixed_s62_silu2_w12288_seed20261008,mbpp_533,code,teacher,0,1,0.4556410014629364,0.0
fixed_s62_silu2_w12288_seed20261008,mbpp_533,code,teacher,1-7,7,0.1977115614073617,0.8571428571428571
fixed_s62_silu2_w12288_seed20261008,mbpp_533,code,teacher,8-15,8,0.21771115344017744,1.0
fixed_s62_silu2_w12288_seed20261008,mbpp_533,code,teacher,16-31,7,0.14484790712594986,1.0
fixed_s62_silu2_w12288_seed20261008,mbpp_533,code,adapter,pre,8,0.2638049656525254,1.0
fixed_s62_silu2_w12288_seed20261008,mbpp_533,code,adapter,0,1,0.4556410014629364,0.0
fixed_s62_silu2_w12288_seed20261008,mbpp_533,code,adapter,1-7,7,0.23782685239400184,0.8571428571428571
fixed_s62_silu2_w12288_seed20261008,mbpp_533,code,adapter,8-15,8,0.16227680118754506,1.0
fixed_s62_silu2_w12288_seed20261008,mbpp_533,code,adapter,16-31,8,0.1714851246215403,1.0
fixed_s62_silu2_w12288_seed20261008,mbpp_529,code,teacher,pre,6,0.3303075556953748,1.0
fixed_s62_silu2_w12288_seed20261008,mbpp_529,code,teacher,0,1,2.21020245552063,0.0
fixed_s62_silu2_w12288_seed20261008,mbpp_529,code,teacher,1-7,7,0.4732928584728922,0.7142857142857143
fixed_s62_silu2_w12288_seed20261008,mbpp_529,code,teacher,8-15,8,0.19480720022693276,0.875
fixed_s62_silu2_w12288_seed20261008,mbpp_529,code,teacher,16-31,16,0.14175475225783885,1.0
fixed_s62_silu2_w12288_seed20261008,mbpp_529,code,teacher,32+,70,0.14604571544166123,0.9857142857142858
fixed_s62_silu2_w12288_seed20261008,mbpp_529,code,adapter,pre,6,0.334841509660085,1.0
fixed_s62_silu2_w12288_seed20261008,mbpp_529,code,adapter,0,1,2.2425715923309326,0.0
fixed_s62_silu2_w12288_seed20261008,mbpp_529,code,adapter,1-7,7,0.39539898931980133,0.8571428571428571
fixed_s62_silu2_w12288_seed20261008,mbpp_529,code,adapter,8-15,8,0.1784864328801632,1.0
fixed_s62_silu2_w12288_seed20261008,mbpp_529,code,adapter,16-31,16,0.15474217338487506,0.9375
fixed_s62_silu2_w12288_seed20261008,mbpp_529,code,adapter,32+,168,0.1989974987560085,0.9642857142857143
fixed_s62_silu2_w12288_seed20261008,mbpp_547,code,teacher,pre,6,0.3180348773797353,1.0
fixed_s62_silu2_w12288_seed20261008,mbpp_547,code,teacher,0,1,0.9984579086303711,0.0
fixed_s62_silu2_w12288_seed20261008,mbpp_547,code,teacher,1-7,7,0.5853701659611293,0.5714285714285714
fixed_s62_silu2_w12288_seed20261008,mbpp_547,code,teacher,8-15,8,0.14093188755214214,0.75
fixed_s62_silu2_w12288_seed20261008,mbpp_547,code,teacher,16-31,16,0.22191348718479276,1.0
fixed_s62_silu2_w12288_seed20261008,mbpp_547,code,teacher,32+,88,0.21252696692350914,0.9318181818181818
fixed_s62_silu2_w12288_seed20261008,mbpp_547,code,adapter,pre,6,0.3172310156126817,1.0
fixed_s62_silu2_w12288_seed20261008,mbpp_547,code,adapter,0,1,1.0179253816604614,0.0
fixed_s62_silu2_w12288_seed20261008,mbpp_547,code,adapter,1-7,7,0.3505781080041613,0.8571428571428571
fixed_s62_silu2_w12288_seed20261008,mbpp_547,code,adapter,8-15,8,0.1681068865582347,0.875
fixed_s62_silu2_w12288_seed20261008,mbpp_547,code,adapter,16-31,16,0.2838228950276971,0.9375
fixed_s62_silu2_w12288_seed20261008,mbpp_547,code,adapter,32+,218,0.32217832986231243,0.9128440366972477
fixed_s62_silu2_w12288_seed20261008,mbpp_589,code,teacher,pre,18,0.18114563160472447,1.0
fixed_s62_silu2_w12288_seed20261008,mbpp_589,code,teacher,0,1,0.12932710349559784,0.0
fixed_s62_silu2_w12288_seed20261008,mbpp_589,code,teacher,1-7,7,0.13474866854293005,1.0
fixed_s62_silu2_w12288_seed20261008,mbpp_589,code,teacher,8-15,8,0.1357729695737362,1.0
fixed_s62_silu2_w12288_seed20261008,mbpp_589,code,teacher,16-31,16,0.16380166308954358,1.0
fixed_s62_silu2_w12288_seed20261008,mbpp_589,code,teacher,32+,11,0.08461575108495625,1.0
fixed_s62_silu2_w12288_seed20261008,mbpp_589,code,adapter,pre,18,0.18114563160472447,1.0
fixed_s62_silu2_w12288_seed20261008,mbpp_589,code,adapter,0,1,0.12932710349559784,0.0
fixed_s62_silu2_w12288_seed20261008,mbpp_589,code,adapter,1-7,7,0.19088824093341827,0.8571428571428571
fixed_s62_silu2_w12288_seed20261008,mbpp_589,code,adapter,8-15,8,0.14388786349445581,1.0
fixed_s62_silu2_w12288_seed20261008,mbpp_589,code,adapter,16-31,16,0.1204806542955339,1.0
fixed_s62_silu2_w12288_seed20261008,mbpp_589,code,adapter,32+,23,0.13417798993380173,1.0
fixed_s62_silu2_w12288_seed20261008,mbpp_523,code,teacher,pre,10,0.18031414449214936,1.0
fixed_s62_silu2_w12288_seed20261008,mbpp_523,code,teacher,0,1,0.21817468106746674,0.0
fixed_s62_silu2_w12288_seed20261008,mbpp_523,code,teacher,1-7,7,0.27216934519154684,0.8571428571428571
fixed_s62_silu2_w12288_seed20261008,mbpp_523,code,teacher,8-15,8,0.36457989923655987,1.0
fixed_s62_silu2_w12288_seed20261008,mbpp_523,code,teacher,16-31,16,0.18561839265748858,1.0
fixed_s62_silu2_w12288_seed20261008,mbpp_523,code,teacher,32+,188,0.39614443330371635,0.9840425531914894
fixed_s62_silu2_w12288_seed20261008,mbpp_523,code,adapter,pre,10,0.18031414449214936,1.0
fixed_s62_silu2_w12288_seed20261008,mbpp_523,code,adapter,0,1,0.21817468106746674,0.0
fixed_s62_silu2_w12288_seed20261008,mbpp_523,code,adapter,1-7,7,0.2206329937492098,0.8571428571428571
fixed_s62_silu2_w12288_seed20261008,mbpp_523,code,adapter,8-15,8,0.3187157679349184,0.875
fixed_s62_silu2_w12288_seed20261008,mbpp_523,code,adapter,16-31,16,0.17121690977364779,1.0
fixed_s62_silu2_w12288_seed20261008,mbpp_523,code,adapter,32+,214,0.3215690468934095,0.9392523364485982
fixed_s63_silu_w10240_seed20261008,eval_gsm_59c5355ea658299f,math,teacher,pre,76,0.07532342300309162,0.9868421052631579
fixed_s63_silu_w10240_seed20261008,eval_gsm_59c5355ea658299f,math,teacher,0,1,0.10072270780801773,0.0
fixed_s63_silu_w10240_seed20261008,eval_gsm_59c5355ea658299f,math,teacher,1-7,7,0.058684131396668296,1.0
fixed_s63_silu_w10240_seed20261008,eval_gsm_59c5355ea658299f,math,teacher,8-15,8,0.09476814744994044,1.0
fixed_s63_silu_w10240_seed20261008,eval_gsm_59c5355ea658299f,math,teacher,16-31,13,0.038352496922016144,1.0
fixed_s63_silu_w10240_seed20261008,eval_gsm_59c5355ea658299f,math,adapter,pre,76,0.07532342300309162,0.9868421052631579
fixed_s63_silu_w10240_seed20261008,eval_gsm_59c5355ea658299f,math,adapter,0,1,0.10072270780801773,0.0
fixed_s63_silu_w10240_seed20261008,eval_gsm_59c5355ea658299f,math,adapter,1-7,7,0.053915043494531086,0.8571428571428571
fixed_s63_silu_w10240_seed20261008,eval_gsm_59c5355ea658299f,math,adapter,8-15,8,0.08191420463845134,1.0
fixed_s63_silu_w10240_seed20261008,eval_gsm_59c5355ea658299f,math,adapter,16-31,14,0.038532190423990996,1.0
fixed_s63_silu_w10240_seed20261008,eval_gsm_6310f2348882816e,math,teacher,0,1,0.08754110336303711,0.0
fixed_s63_silu_w10240_seed20261008,eval_gsm_6310f2348882816e,math,teacher,1-7,7,0.1245799261544432,0.8571428571428571
fixed_s63_silu_w10240_seed20261008,eval_gsm_6310f2348882816e,math,teacher,8-15,8,0.02775806642603129,1.0
fixed_s63_silu_w10240_seed20261008,eval_gsm_6310f2348882816e,math,teacher,16-31,16,0.07829101989045739,1.0
fixed_s63_silu_w10240_seed20261008,eval_gsm_6310f2348882816e,math,teacher,32+,60,0.05353214580876132,0.9833333333333333
fixed_s63_silu_w10240_seed20261008,eval_gsm_6310f2348882816e,math,adapter,0,1,0.08783482760190964,0.0
fixed_s63_silu_w10240_seed20261008,eval_gsm_6310f2348882816e,math,adapter,1-7,7,0.06621662633759635,1.0
fixed_s63_silu_w10240_seed20261008,eval_gsm_6310f2348882816e,math,adapter,8-15,8,0.09455438330769539,1.0
fixed_s63_silu_w10240_seed20261008,eval_gsm_6310f2348882816e,math,adapter,16-31,16,0.06406538176815957,1.0
fixed_s63_silu_w10240_seed20261008,eval_gsm_6310f2348882816e,math,adapter,32+,49,0.04560456710050301,1.0
fixed_s63_silu_w10240_seed20261008,eval_gsm_3ed5b2575337aa1d,math,teacher,0,1,0.07390397787094116,0.0
fixed_s63_silu_w10240_seed20261008,eval_gsm_3ed5b2575337aa1d,math,teacher,1-7,7,0.1232598280268056,1.0
fixed_s63_silu_w10240_seed20261008,eval_gsm_3ed5b2575337aa1d,math,teacher,8-15,8,0.06422901805490255,0.75
fixed_s63_silu_w10240_seed20261008,eval_gsm_3ed5b2575337aa1d,math,teacher,16-31,16,0.06995243206620216,0.875
fixed_s63_silu_w10240_seed20261008,eval_gsm_3ed5b2575337aa1d,math,teacher,32+,54,0.07297652628686693,0.9629629629629629
fixed_s63_silu_w10240_seed20261008,eval_gsm_3ed5b2575337aa1d,math,adapter,0,1,0.07390397787094116,0.0
fixed_s63_silu_w10240_seed20261008,eval_gsm_3ed5b2575337aa1d,math,adapter,1-7,7,0.07219328678080014,1.0
fixed_s63_silu_w10240_seed20261008,eval_gsm_3ed5b2575337aa1d,math,adapter,8-15,8,0.09920931840315461,1.0
fixed_s63_silu_w10240_seed20261008,eval_gsm_3ed5b2575337aa1d,math,adapter,16-31,16,0.11361718876287341,0.9375
fixed_s63_silu_w10240_seed20261008,eval_gsm_3ed5b2575337aa1d,math,adapter,32+,69,0.09028770036293544,1.0
fixed_s63_silu_w10240_seed20261008,eval_gsm_5ce5e0b0dc470399,math,teacher,0,1,0.08377976715564728,0.0
fixed_s63_silu_w10240_seed20261008,eval_gsm_5ce5e0b0dc470399,math,teacher,1-7,7,0.0627414562872478,0.8571428571428571
fixed_s63_silu_w10240_seed20261008,eval_gsm_5ce5e0b0dc470399,math,teacher,8-15,8,0.13541883369907737,1.0
fixed_s63_silu_w10240_seed20261008,eval_gsm_5ce5e0b0dc470399,math,teacher,16-31,16,0.11358163692057133,0.9375
fixed_s63_silu_w10240_seed20261008,eval_gsm_5ce5e0b0dc470399,math,teacher,32+,25,0.048153558876365424,0.92
fixed_s63_silu_w10240_seed20261008,eval_gsm_5ce5e0b0dc470399,math,adapter,0,1,0.08377976715564728,0.0
fixed_s63_silu_w10240_seed20261008,eval_gsm_5ce5e0b0dc470399,math,adapter,1-7,7,0.18294224249465124,1.0
fixed_s63_silu_w10240_seed20261008,eval_gsm_5ce5e0b0dc470399,math,adapter,8-15,8,0.051066807471215725,1.0
fixed_s63_silu_w10240_seed20261008,eval_gsm_5ce5e0b0dc470399,math,adapter,16-31,16,0.07668391009792686,1.0
fixed_s63_silu_w10240_seed20261008,eval_gsm_5ce5e0b0dc470399,math,adapter,32+,51,0.07259756564071365,0.9803921568627451
fixed_s63_silu_w10240_seed20261008,eval_gsm_6d1ccd867274ff4b,math,teacher,0,1,0.03463294729590416,1.0
fixed_s63_silu_w10240_seed20261008,eval_gsm_6d1ccd867274ff4b,math,teacher,1-7,7,0.05170552033398833,1.0
fixed_s63_silu_w10240_seed20261008,eval_gsm_6d1ccd867274ff4b,math,teacher,8-15,8,0.13779839919880033,0.875
fixed_s63_silu_w10240_seed20261008,eval_gsm_6d1ccd867274ff4b,math,teacher,16-31,16,0.049591342685744166,0.9375
fixed_s63_silu_w10240_seed20261008,eval_gsm_6d1ccd867274ff4b,math,teacher,32+,21,0.022206872879039673,1.0
fixed_s63_silu_w10240_seed20261008,eval_gsm_6d1ccd867274ff4b,math,adapter,0,1,0.03463294729590416,1.0
fixed_s63_silu_w10240_seed20261008,eval_gsm_6d1ccd867274ff4b,math,adapter,1-7,7,0.04544527243290629,1.0
fixed_s63_silu_w10240_seed20261008,eval_gsm_6d1ccd867274ff4b,math,adapter,8-15,8,0.046734053641557693,0.875
fixed_s63_silu_w10240_seed20261008,eval_gsm_6d1ccd867274ff4b,math,adapter,16-31,16,0.04314459289889783,0.8125
fixed_s63_silu_w10240_seed20261008,eval_gsm_6d1ccd867274ff4b,math,adapter,32+,24,0.024824193737003952,1.0
fixed_s63_silu_w10240_seed20261008,eval_gsm_2bfc44f7c692b171,math,teacher,pre,4,0.2573011592030525,1.0
fixed_s63_silu_w10240_seed20261008,eval_gsm_2bfc44f7c692b171,math,teacher,0,1,0.09034331142902374,0.0
fixed_s63_silu_w10240_seed20261008,eval_gsm_2bfc44f7c692b171,math,teacher,1-7,7,0.038404211668031554,0.8571428571428571
fixed_s63_silu_w10240_seed20261008,eval_gsm_2bfc44f7c692b171,math,teacher,8-15,8,0.05369169218465686,1.0
fixed_s63_silu_w10240_seed20261008,eval_gsm_2bfc44f7c692b171,math,teacher,16-31,16,0.12563238898292184,1.0
fixed_s63_silu_w10240_seed20261008,eval_gsm_2bfc44f7c692b171,math,teacher,32+,51,0.03867863107691793,0.9607843137254902
fixed_s63_silu_w10240_seed20261008,eval_gsm_2bfc44f7c692b171,math,adapter,pre,4,0.2573011592030525,1.0
fixed_s63_silu_w10240_seed20261008,eval_gsm_2bfc44f7c692b171,math,adapter,0,1,0.09034331142902374,0.0
fixed_s63_silu_w10240_seed20261008,eval_gsm_2bfc44f7c692b171,math,adapter,1-7,7,0.06240481537367616,1.0
fixed_s63_silu_w10240_seed20261008,eval_gsm_2bfc44f7c692b171,math,adapter,8-15,8,0.04831779352389276,1.0
fixed_s63_silu_w10240_seed20261008,eval_gsm_2bfc44f7c692b171,math,adapter,16-31,16,0.21424865908920765,1.0
fixed_s63_silu_w10240_seed20261008,eval_gsm_2bfc44f7c692b171,math,adapter,32+,61,0.049610345975541675,0.9836065573770492
fixed_s63_silu_w10240_seed20261008,eval_gsm_e8ea9344bce39ab3,math,teacher,pre,4,0.04419855587184429,1.0
fixed_s63_silu_w10240_seed20261008,eval_gsm_e8ea9344bce39ab3,math,teacher,0,1,0.05298219993710518,0.0
fixed_s63_silu_w10240_seed20261008,eval_gsm_e8ea9344bce39ab3,math,teacher,1-7,7,0.0397632686155183,1.0
fixed_s63_silu_w10240_seed20261008,eval_gsm_e8ea9344bce39ab3,math,teacher,8-15,8,0.06468032486736774,1.0
fixed_s63_silu_w10240_seed20261008,eval_gsm_e8ea9344bce39ab3,math,teacher,16-31,16,0.07650349126197398,0.875
fixed_s63_silu_w10240_seed20261008,eval_gsm_e8ea9344bce39ab3,math,teacher,32+,76,0.06440529881633426,0.9605263157894737
fixed_s63_silu_w10240_seed20261008,eval_gsm_e8ea9344bce39ab3,math,adapter,pre,4,0.044243542943149805,1.0
fixed_s63_silu_w10240_seed20261008,eval_gsm_e8ea9344bce39ab3,math,adapter,0,1,0.052786290645599365,0.0
fixed_s63_silu_w10240_seed20261008,eval_gsm_e8ea9344bce39ab3,math,adapter,1-7,7,0.046900825042809756,1.0
fixed_s63_silu_w10240_seed20261008,eval_gsm_e8ea9344bce39ab3,math,adapter,8-15,8,0.057444666512310505,0.875
fixed_s63_silu_w10240_seed20261008,eval_gsm_e8ea9344bce39ab3,math,adapter,16-31,16,0.07236939948052168,1.0
fixed_s63_silu_w10240_seed20261008,eval_gsm_e8ea9344bce39ab3,math,adapter,32+,56,0.06380610547161528,0.9464285714285714
fixed_s63_silu_w10240_seed20261008,eval_gsm_d3df5e87991be637,math,teacher,0,1,0.0700618177652359,0.0
fixed_s63_silu_w10240_seed20261008,eval_gsm_d3df5e87991be637,math,teacher,1-7,7,0.05921285652688572,0.8571428571428571
fixed_s63_silu_w10240_seed20261008,eval_gsm_d3df5e87991be637,math,teacher,8-15,8,0.057515229331329465,1.0
fixed_s63_silu_w10240_seed20261008,eval_gsm_d3df5e87991be637,math,teacher,16-31,16,0.057952640287112445,1.0
fixed_s63_silu_w10240_seed20261008,eval_gsm_d3df5e87991be637,math,teacher,32+,46,0.04516371718162428,1.0
fixed_s63_silu_w10240_seed20261008,eval_gsm_d3df5e87991be637,math,adapter,0,1,0.07008049637079239,0.0
fixed_s63_silu_w10240_seed20261008,eval_gsm_d3df5e87991be637,math,adapter,1-7,7,0.03602964697139604,1.0
fixed_s63_silu_w10240_seed20261008,eval_gsm_d3df5e87991be637,math,adapter,8-15,8,0.032839358667843044,1.0
fixed_s63_silu_w10240_seed20261008,eval_gsm_d3df5e87991be637,math,adapter,16-31,16,0.049185108626261353,1.0
fixed_s63_silu_w10240_seed20261008,eval_gsm_d3df5e87991be637,math,adapter,32+,27,0.02461845455346284,1.0
fixed_s63_silu_w10240_seed20261008,eval_gsm_6399ac2ad7482918,math,teacher,pre,32,0.10826173872919753,1.0
fixed_s63_silu_w10240_seed20261008,eval_gsm_6399ac2ad7482918,math,teacher,0,1,0.06747425347566605,0.0
fixed_s63_silu_w10240_seed20261008,eval_gsm_6399ac2ad7482918,math,teacher,1-7,7,0.03301612340978214,1.0
fixed_s63_silu_w10240_seed20261008,eval_gsm_6399ac2ad7482918,math,teacher,8-15,8,0.025707785855047405,1.0
fixed_s63_silu_w10240_seed20261008,eval_gsm_6399ac2ad7482918,math,teacher,16-31,3,0.03550919393698374,1.0
fixed_s63_silu_w10240_seed20261008,eval_gsm_6399ac2ad7482918,math,adapter,pre,32,0.10826173872919753,1.0
fixed_s63_silu_w10240_seed20261008,eval_gsm_6399ac2ad7482918,math,adapter,0,1,0.06747425347566605,0.0
fixed_s63_silu_w10240_seed20261008,eval_gsm_6399ac2ad7482918,math,adapter,1-7,7,0.04178708206330027,1.0
fixed_s63_silu_w10240_seed20261008,eval_gsm_6399ac2ad7482918,math,adapter,8-15,8,0.023605244234204292,1.0
fixed_s63_silu_w10240_seed20261008,eval_gsm_6399ac2ad7482918,math,adapter,16-31,2,0.03831788431853056,1.0
fixed_s63_silu_w10240_seed20261008,mbpp_549,code,teacher,pre,12,0.15754639962688088,1.0
fixed_s63_silu_w10240_seed20261008,mbpp_549,code,teacher,0,1,0.033686719834804535,1.0
fixed_s63_silu_w10240_seed20261008,mbpp_549,code,teacher,1-7,7,0.04055113185729299,1.0
fixed_s63_silu_w10240_seed20261008,mbpp_549,code,teacher,8-15,8,0.04583572829142213,0.875
fixed_s63_silu_w10240_seed20261008,mbpp_549,code,teacher,16-31,16,0.048004446434788406,1.0
fixed_s63_silu_w10240_seed20261008,mbpp_549,code,teacher,32+,4,0.0372568191960454,1.0
fixed_s63_silu_w10240_seed20261008,mbpp_549,code,adapter,pre,12,0.15754639962688088,1.0
fixed_s63_silu_w10240_seed20261008,mbpp_549,code,adapter,0,1,0.033686719834804535,1.0
fixed_s63_silu_w10240_seed20261008,mbpp_549,code,adapter,1-7,7,0.07389309576579503,1.0
fixed_s63_silu_w10240_seed20261008,mbpp_549,code,adapter,8-15,8,0.0580980870872736,1.0
fixed_s63_silu_w10240_seed20261008,mbpp_549,code,adapter,16-31,12,0.036586776841431856,1.0
fixed_s63_silu_w10240_seed20261008,mbpp_600,code,teacher,pre,6,0.10025499512751897,1.0
fixed_s63_silu_w10240_seed20261008,mbpp_600,code,teacher,0,1,0.6722553372383118,0.0
fixed_s63_silu_w10240_seed20261008,mbpp_600,code,teacher,1-7,7,0.04345294567091124,1.0
fixed_s63_silu_w10240_seed20261008,mbpp_600,code,teacher,8-15,8,0.04678569291718304,1.0
fixed_s63_silu_w10240_seed20261008,mbpp_600,code,teacher,16-31,2,0.0335417864844203,1.0
fixed_s63_silu_w10240_seed20261008,mbpp_600,code,adapter,pre,6,0.10025499512751897,1.0
fixed_s63_silu_w10240_seed20261008,mbpp_600,code,adapter,0,1,0.6722553372383118,0.0
fixed_s63_silu_w10240_seed20261008,mbpp_600,code,adapter,1-7,7,0.06339016876050405,1.0
fixed_s63_silu_w10240_seed20261008,mbpp_600,code,adapter,8-15,8,0.05274803494103253,1.0
fixed_s63_silu_w10240_seed20261008,mbpp_600,code,adapter,16-31,1,0.03721041604876518,1.0
fixed_s63_silu_w10240_seed20261008,mbpp_594,code,teacher,pre,41,0.06694905455337792,1.0
fixed_s63_silu_w10240_seed20261008,mbpp_594,code,teacher,0,1,0.025490403175354004,0.0
fixed_s63_silu_w10240_seed20261008,mbpp_594,code,teacher,1-7,7,0.08613668701478414,1.0
fixed_s63_silu_w10240_seed20261008,mbpp_594,code,teacher,8-15,8,0.0714095407165587,1.0
fixed_s63_silu_w10240_seed20261008,mbpp_594,code,teacher,16-31,16,0.12866442766971886,1.0
fixed_s63_silu_w10240_seed20261008,mbpp_594,code,teacher,32+,47,0.0954064528279482,0.9574468085106383
fixed_s63_silu_w10240_seed20261008,mbpp_594,code,adapter,pre,41,0.06745847314596176,1.0
fixed_s63_silu_w10240_seed20261008,mbpp_594,code,adapter,0,1,0.02553335204720497,0.0
fixed_s63_silu_w10240_seed20261008,mbpp_594,code,adapter,1-7,7,0.061876731259482246,1.0
fixed_s63_silu_w10240_seed20261008,mbpp_594,code,adapter,8-15,8,0.06466328492388129,1.0
fixed_s63_silu_w10240_seed20261008,mbpp_594,code,adapter,16-31,16,0.10849350201897323,1.0
fixed_s63_silu_w10240_seed20261008,mbpp_594,code,adapter,32+,35,0.08099024966359139,0.9714285714285714
fixed_s63_silu_w10240_seed20261008,mbpp_529,code,teacher,pre,6,0.21733760833740234,1.0
fixed_s63_silu_w10240_seed20261008,mbpp_529,code,teacher,0,1,1.5053085088729858,0.0
fixed_s63_silu_w10240_seed20261008,mbpp_529,code,teacher,1-7,7,0.29402175173163414,1.0
fixed_s63_silu_w10240_seed20261008,mbpp_529,code,teacher,8-15,8,0.08872708003036678,0.875
fixed_s63_silu_w10240_seed20261008,mbpp_529,code,teacher,16-31,16,0.06108895398210734,1.0
fixed_s63_silu_w10240_seed20261008,mbpp_529,code,teacher,32+,70,0.06142564747216446,0.9857142857142858
fixed_s63_silu_w10240_seed20261008,mbpp_529,code,adapter,pre,6,0.2198428406069676,1.0
fixed_s63_silu_w10240_seed20261008,mbpp_529,code,adapter,0,1,1.5381977558135986,0.0
fixed_s63_silu_w10240_seed20261008,mbpp_529,code,adapter,1-7,7,0.12275995154465948,0.7142857142857143
fixed_s63_silu_w10240_seed20261008,mbpp_529,code,adapter,8-15,8,0.11600109655410051,1.0
fixed_s63_silu_w10240_seed20261008,mbpp_529,code,adapter,16-31,16,0.2525089820846915,0.75
fixed_s63_silu_w10240_seed20261008,mbpp_529,code,adapter,32+,218,0.12467114821315632,0.963302752293578
fixed_s63_silu_w10240_seed20261008,mbpp_547,code,teacher,pre,36,0.1611030052622987,0.9722222222222222
fixed_s63_silu_w10240_seed20261008,mbpp_547,code,teacher,0,1,0.0937914103269577,0.0
fixed_s63_silu_w10240_seed20261008,mbpp_547,code,teacher,1-7,7,0.04171653091907501,0.8571428571428571
fixed_s63_silu_w10240_seed20261008,mbpp_547,code,teacher,8-15,8,0.04675471829250455,1.0
fixed_s63_silu_w10240_seed20261008,mbpp_547,code,teacher,16-31,16,0.04599358874838799,0.875
fixed_s63_silu_w10240_seed20261008,mbpp_547,code,teacher,32+,58,0.12187864538282156,0.9482758620689655
fixed_s63_silu_w10240_seed20261008,mbpp_547,code,adapter,pre,36,0.16138926298461026,0.9722222222222222
fixed_s63_silu_w10240_seed20261008,mbpp_547,code,adapter,0,1,0.09389209747314453,0.0
fixed_s63_silu_w10240_seed20261008,mbpp_547,code,adapter,1-7,7,0.15669957548379898,1.0
fixed_s63_silu_w10240_seed20261008,mbpp_547,code,adapter,8-15,8,0.07886391691863537,1.0
fixed_s63_silu_w10240_seed20261008,mbpp_547,code,adapter,16-31,16,0.06776270607952029,0.9375
fixed_s63_silu_w10240_seed20261008,mbpp_547,code,adapter,32+,33,0.0912739396885489,1.0
fixed_s63_silu_w10240_seed20261008,mbpp_523,code,teacher,pre,10,0.07541009187698364,1.0
fixed_s63_silu_w10240_seed20261008,mbpp_523,code,teacher,0,1,0.08969054371118546,0.0
fixed_s63_silu_w10240_seed20261008,mbpp_523,code,teacher,1-7,7,0.12444051780870982,1.0
fixed_s63_silu_w10240_seed20261008,mbpp_523,code,teacher,8-15,8,0.17306780815124512,1.0
fixed_s63_silu_w10240_seed20261008,mbpp_523,code,teacher,16-31,16,0.08694483223371208,1.0
fixed_s63_silu_w10240_seed20261008,mbpp_523,code,teacher,32+,188,0.21900594278060376,1.0
fixed_s63_silu_w10240_seed20261008,mbpp_523,code,adapter,pre,10,0.07604475617408753,1.0
fixed_s63_silu_w10240_seed20261008,mbpp_523,code,adapter,0,1,0.09000049531459808,0.0
fixed_s63_silu_w10240_seed20261008,mbpp_523,code,adapter,1-7,7,0.08339343273213931,0.8571428571428571
fixed_s63_silu_w10240_seed20261008,mbpp_523,code,adapter,8-15,8,0.09487717505544424,1.0
fixed_s63_silu_w10240_seed20261008,mbpp_523,code,adapter,16-31,16,0.11267891502939165,1.0
fixed_s63_silu_w10240_seed20261008,mbpp_523,code,adapter,32+,130,0.1549689832358406,1.0
fixed_s63_silu2_w12288_seed20261008,eval_gsm_59c5355ea658299f,math,teacher,pre,76,0.07236209957811393,0.9868421052631579
fixed_s63_silu2_w12288_seed20261008,eval_gsm_59c5355ea658299f,math,teacher,0,1,0.09740279614925385,0.0
fixed_s63_silu2_w12288_seed20261008,eval_gsm_59c5355ea658299f,math,teacher,1-7,7,0.05989746004343033,0.8571428571428571
fixed_s63_silu2_w12288_seed20261008,eval_gsm_59c5355ea658299f,math,teacher,8-15,8,0.09155873721465468,1.0
fixed_s63_silu2_w12288_seed20261008,eval_gsm_59c5355ea658299f,math,teacher,16-31,13,0.03585422590661507,1.0
fixed_s63_silu2_w12288_seed20261008,eval_gsm_59c5355ea658299f,math,adapter,pre,76,0.07236209957811393,0.9868421052631579
fixed_s63_silu2_w12288_seed20261008,eval_gsm_59c5355ea658299f,math,adapter,0,1,0.09740279614925385,0.0
fixed_s63_silu2_w12288_seed20261008,eval_gsm_59c5355ea658299f,math,adapter,1-7,7,0.05382594679083143,0.8571428571428571
fixed_s63_silu2_w12288_seed20261008,eval_gsm_59c5355ea658299f,math,adapter,8-15,8,0.07963147712871432,1.0
fixed_s63_silu2_w12288_seed20261008,eval_gsm_59c5355ea658299f,math,adapter,16-31,14,0.03608739635507975,1.0
fixed_s63_silu2_w12288_seed20261008,eval_gsm_6310f2348882816e,math,teacher,pre,77,0.06396621970048585,1.0
fixed_s63_silu2_w12288_seed20261008,eval_gsm_6310f2348882816e,math,teacher,0,1,0.08477013558149338,0.0
fixed_s63_silu2_w12288_seed20261008,eval_gsm_6310f2348882816e,math,teacher,1-7,7,0.04116495379379818,1.0
fixed_s63_silu2_w12288_seed20261008,eval_gsm_6310f2348882816e,math,teacher,8-15,7,0.01970498144094433,1.0
fixed_s63_silu2_w12288_seed20261008,eval_gsm_6310f2348882816e,math,adapter,pre,77,0.0650542668949861,1.0
fixed_s63_silu2_w12288_seed20261008,eval_gsm_6310f2348882816e,math,adapter,0,1,0.08506540209054947,0.0
fixed_s63_silu2_w12288_seed20261008,eval_gsm_6310f2348882816e,math,adapter,1-7,7,0.11152309285742897,1.0
fixed_s63_silu2_w12288_seed20261008,eval_gsm_6310f2348882816e,math,adapter,8-15,8,0.16046650055795908,1.0
fixed_s63_silu2_w12288_seed20261008,eval_gsm_6310f2348882816e,math,adapter,16-31,7,0.019678893898214613,1.0
fixed_s63_silu2_w12288_seed20261008,eval_gsm_3ed5b2575337aa1d,math,teacher,0,1,0.06774234026670456,0.0
fixed_s63_silu2_w12288_seed20261008,eval_gsm_3ed5b2575337aa1d,math,teacher,1-7,7,0.11806522309780121,1.0
fixed_s63_silu2_w12288_seed20261008,eval_gsm_3ed5b2575337aa1d,math,teacher,8-15,8,0.06283955043181777,0.875
fixed_s63_silu2_w12288_seed20261008,eval_gsm_3ed5b2575337aa1d,math,teacher,16-31,16,0.0655566758941859,0.875
fixed_s63_silu2_w12288_seed20261008,eval_gsm_3ed5b2575337aa1d,math,teacher,32+,54,0.06918499251413676,0.9629629629629629
fixed_s63_silu2_w12288_seed20261008,eval_gsm_3ed5b2575337aa1d,math,adapter,0,1,0.06774234026670456,0.0
fixed_s63_silu2_w12288_seed20261008,eval_gsm_3ed5b2575337aa1d,math,adapter,1-7,7,0.07279542407819203,1.0
fixed_s63_silu2_w12288_seed20261008,eval_gsm_3ed5b2575337aa1d,math,adapter,8-15,8,0.09578367625363171,1.0
fixed_s63_silu2_w12288_seed20261008,eval_gsm_3ed5b2575337aa1d,math,adapter,16-31,16,0.11001520603895187,0.9375
fixed_s63_silu2_w12288_seed20261008,eval_gsm_3ed5b2575337aa1d,math,adapter,32+,72,0.11518977723446572,0.9861111111111112
fixed_s63_silu2_w12288_seed20261008,eval_gsm_5ce5e0b0dc470399,math,teacher,pre,5,0.0824604131281376,1.0
fixed_s63_silu2_w12288_seed20261008,eval_gsm_5ce5e0b0dc470399,math,teacher,0,1,0.04169314354658127,0.0
fixed_s63_silu2_w12288_seed20261008,eval_gsm_5ce5e0b0dc470399,math,teacher,1-7,7,0.06525454483926296,1.0
fixed_s63_silu2_w12288_seed20261008,eval_gsm_5ce5e0b0dc470399,math,teacher,8-15,8,0.1784554454497993,1.0
fixed_s63_silu2_w12288_seed20261008,eval_gsm_5ce5e0b0dc470399,math,teacher,16-31,16,0.09149542270461097,0.9375
fixed_s63_silu2_w12288_seed20261008,eval_gsm_5ce5e0b0dc470399,math,teacher,32+,20,0.02634783068206161,0.95
fixed_s63_silu2_w12288_seed20261008,eval_gsm_5ce5e0b0dc470399,math,adapter,pre,5,0.0824604131281376,1.0
fixed_s63_silu2_w12288_seed20261008,eval_gsm_5ce5e0b0dc470399,math,adapter,0,1,0.04169314354658127,0.0
fixed_s63_silu2_w12288_seed20261008,eval_gsm_5ce5e0b0dc470399,math,adapter,1-7,7,0.08655121496745519,1.0
fixed_s63_silu2_w12288_seed20261008,eval_gsm_5ce5e0b0dc470399,math,adapter,8-15,8,0.19151878193952143,1.0
fixed_s63_silu2_w12288_seed20261008,eval_gsm_5ce5e0b0dc470399,math,adapter,16-31,16,0.0964778691995889,1.0
fixed_s63_silu2_w12288_seed20261008,eval_gsm_5ce5e0b0dc470399,math,adapter,32+,18,0.024406246452902753,1.0
fixed_s63_silu2_w12288_seed20261008,eval_gsm_6d1ccd867274ff4b,math,teacher,0,1,0.03305920585989952,0.0
fixed_s63_silu2_w12288_seed20261008,eval_gsm_6d1ccd867274ff4b,math,teacher,1-7,7,0.04843698042844023,1.0
fixed_s63_silu2_w12288_seed20261008,eval_gsm_6d1ccd867274ff4b,math,teacher,8-15,8,0.12614158494397998,1.0
fixed_s63_silu2_w12288_seed20261008,eval_gsm_6d1ccd867274ff4b,math,teacher,16-31,16,0.0474271165439859,0.9375
fixed_s63_silu2_w12288_seed20261008,eval_gsm_6d1ccd867274ff4b,math,teacher,32+,21,0.020778975626897244,1.0
fixed_s63_silu2_w12288_seed20261008,eval_gsm_6d1ccd867274ff4b,math,adapter,0,1,0.03305920585989952,0.0
fixed_s63_silu2_w12288_seed20261008,eval_gsm_6d1ccd867274ff4b,math,adapter,1-7,7,0.04330353518681867,1.0
fixed_s63_silu2_w12288_seed20261008,eval_gsm_6d1ccd867274ff4b,math,adapter,8-15,8,0.04206989030353725,0.875
fixed_s63_silu2_w12288_seed20261008,eval_gsm_6d1ccd867274ff4b,math,adapter,16-31,16,0.04629790806211531,0.9375
fixed_s63_silu2_w12288_seed20261008,eval_gsm_6d1ccd867274ff4b,math,adapter,32+,23,0.022895896746574537,1.0
fixed_s63_silu2_w12288_seed20261008,eval_gsm_2bfc44f7c692b171,math,teacher,pre,10,0.127047149091959,1.0
fixed_s63_silu2_w12288_seed20261008,eval_gsm_2bfc44f7c692b171,math,teacher,0,1,0.026276011019945145,0.0
fixed_s63_silu2_w12288_seed20261008,eval_gsm_2bfc44f7c692b171,math,teacher,1-7,7,0.05127376264759472,1.0
fixed_s63_silu2_w12288_seed20261008,eval_gsm_2bfc44f7c692b171,math,teacher,8-15,8,0.09698852337896824,1.0
fixed_s63_silu2_w12288_seed20261008,eval_gsm_2bfc44f7c692b171,math,teacher,16-31,16,0.11171314446255565,1.0
fixed_s63_silu2_w12288_seed20261008,eval_gsm_2bfc44f7c692b171,math,teacher,32+,45,0.030918508602513207,0.9555555555555556
fixed_s63_silu2_w12288_seed20261008,eval_gsm_2bfc44f7c692b171,math,adapter,pre,10,0.12672135345637797,1.0
fixed_s63_silu2_w12288_seed20261008,eval_gsm_2bfc44f7c692b171,math,adapter,0,1,0.026353245601058006,0.0
fixed_s63_silu2_w12288_seed20261008,eval_gsm_2bfc44f7c692b171,math,adapter,1-7,7,0.07204795948096684,1.0
fixed_s63_silu2_w12288_seed20261008,eval_gsm_2bfc44f7c692b171,math,adapter,8-15,8,0.06679070787504315,1.0
fixed_s63_silu2_w12288_seed20261008,eval_gsm_2bfc44f7c692b171,math,adapter,16-31,16,0.09129927109461278,0.875
fixed_s63_silu2_w12288_seed20261008,eval_gsm_2bfc44f7c692b171,math,adapter,32+,67,0.06778273035758245,0.9850746268656716
fixed_s63_silu2_w12288_seed20261008,eval_gsm_e8ea9344bce39ab3,math,teacher,pre,4,0.041519281920045614,1.0
fixed_s63_silu2_w12288_seed20261008,eval_gsm_e8ea9344bce39ab3,math,teacher,0,1,0.04983934387564659,0.0
fixed_s63_silu2_w12288_seed20261008,eval_gsm_e8ea9344bce39ab3,math,teacher,1-7,7,0.03704547456332615,1.0
fixed_s63_silu2_w12288_seed20261008,eval_gsm_e8ea9344bce39ab3,math,teacher,8-15,8,0.05870260065421462,1.0
fixed_s63_silu2_w12288_seed20261008,eval_gsm_e8ea9344bce39ab3,math,teacher,16-31,16,0.07091118406970054,0.875
fixed_s63_silu2_w12288_seed20261008,eval_gsm_e8ea9344bce39ab3,math,teacher,32+,76,0.05958722132307134,0.9605263157894737
fixed_s63_silu2_w12288_seed20261008,eval_gsm_e8ea9344bce39ab3,math,adapter,pre,4,0.04143813019618392,1.0
fixed_s63_silu2_w12288_seed20261008,eval_gsm_e8ea9344bce39ab3,math,adapter,0,1,0.049507152289152145,1.0
fixed_s63_silu2_w12288_seed20261008,eval_gsm_e8ea9344bce39ab3,math,adapter,1-7,7,0.04592398527477469,1.0
fixed_s63_silu2_w12288_seed20261008,eval_gsm_e8ea9344bce39ab3,math,adapter,8-15,8,0.05375735624693334,0.875
fixed_s63_silu2_w12288_seed20261008,eval_gsm_e8ea9344bce39ab3,math,adapter,16-31,16,0.06460071133915335,1.0
fixed_s63_silu2_w12288_seed20261008,eval_gsm_e8ea9344bce39ab3,math,adapter,32+,56,0.05895488679275981,0.9464285714285714
fixed_s63_silu2_w12288_seed20261008,eval_gsm_d3df5e87991be637,math,teacher,0,1,0.0646127238869667,0.0
fixed_s63_silu2_w12288_seed20261008,eval_gsm_d3df5e87991be637,math,teacher,1-7,7,0.05840335041284561,0.8571428571428571
fixed_s63_silu2_w12288_seed20261008,eval_gsm_d3df5e87991be637,math,teacher,8-15,8,0.05355932586826384,1.0
fixed_s63_silu2_w12288_seed20261008,eval_gsm_d3df5e87991be637,math,teacher,16-31,16,0.057533349201548845,1.0
fixed_s63_silu2_w12288_seed20261008,eval_gsm_d3df5e87991be637,math,teacher,32+,46,0.0428446830128846,1.0
fixed_s63_silu2_w12288_seed20261008,eval_gsm_d3df5e87991be637,math,adapter,0,1,0.06438888609409332,0.0
fixed_s63_silu2_w12288_seed20261008,eval_gsm_d3df5e87991be637,math,adapter,1-7,7,0.03433046689523118,1.0
fixed_s63_silu2_w12288_seed20261008,eval_gsm_d3df5e87991be637,math,adapter,8-15,8,0.029442983970511705,1.0
fixed_s63_silu2_w12288_seed20261008,eval_gsm_d3df5e87991be637,math,adapter,16-31,16,0.046817608759738505,1.0
fixed_s63_silu2_w12288_seed20261008,eval_gsm_d3df5e87991be637,math,adapter,32+,27,0.022279318059898086,1.0
fixed_s63_silu2_w12288_seed20261008,eval_gsm_6399ac2ad7482918,math,teacher,pre,32,0.1017872552620247,1.0
fixed_s63_silu2_w12288_seed20261008,eval_gsm_6399ac2ad7482918,math,teacher,0,1,0.06843670457601547,0.0
fixed_s63_silu2_w12288_seed20261008,eval_gsm_6399ac2ad7482918,math,teacher,1-7,7,0.03194917019988809,1.0
fixed_s63_silu2_w12288_seed20261008,eval_gsm_6399ac2ad7482918,math,teacher,8-15,8,0.025211804546415806,1.0
fixed_s63_silu2_w12288_seed20261008,eval_gsm_6399ac2ad7482918,math,teacher,16-31,3,0.030367620289325714,1.0
fixed_s63_silu2_w12288_seed20261008,eval_gsm_6399ac2ad7482918,math,adapter,pre,32,0.1017872552620247,1.0
fixed_s63_silu2_w12288_seed20261008,eval_gsm_6399ac2ad7482918,math,adapter,0,1,0.06843670457601547,0.0
fixed_s63_silu2_w12288_seed20261008,eval_gsm_6399ac2ad7482918,math,adapter,1-7,7,0.040207544075591226,1.0
fixed_s63_silu2_w12288_seed20261008,eval_gsm_6399ac2ad7482918,math,adapter,8-15,8,0.022497752215713263,1.0
fixed_s63_silu2_w12288_seed20261008,eval_gsm_6399ac2ad7482918,math,adapter,16-31,2,0.03347193356603384,1.0
fixed_s63_silu2_w12288_seed20261008,mbpp_549,code,teacher,pre,12,0.1425213380716741,1.0
fixed_s63_silu2_w12288_seed20261008,mbpp_549,code,teacher,0,1,0.02948044240474701,1.0
fixed_s63_silu2_w12288_seed20261008,mbpp_549,code,teacher,1-7,7,0.03668390241052423,1.0
fixed_s63_silu2_w12288_seed20261008,mbpp_549,code,teacher,8-15,8,0.04133343952707946,0.875
fixed_s63_silu2_w12288_seed20261008,mbpp_549,code,teacher,16-31,16,0.04486853117123246,1.0
fixed_s63_silu2_w12288_seed20261008,mbpp_549,code,teacher,32+,4,0.032012359239161015,1.0
fixed_s63_silu2_w12288_seed20261008,mbpp_549,code,adapter,pre,12,0.1425213380716741,1.0
fixed_s63_silu2_w12288_seed20261008,mbpp_549,code,adapter,0,1,0.02948044240474701,1.0
fixed_s63_silu2_w12288_seed20261008,mbpp_549,code,adapter,1-7,7,0.06557286264640945,1.0
fixed_s63_silu2_w12288_seed20261008,mbpp_549,code,adapter,8-15,8,0.05562974628992379,1.0
fixed_s63_silu2_w12288_seed20261008,mbpp_549,code,adapter,16-31,12,0.032210791017860174,1.0
fixed_s63_silu2_w12288_seed20261008,mbpp_600,code,teacher,pre,6,0.08607623726129532,1.0
fixed_s63_silu2_w12288_seed20261008,mbpp_600,code,teacher,0,1,0.7029132843017578,0.0
fixed_s63_silu2_w12288_seed20261008,mbpp_600,code,teacher,1-7,7,0.037313884257205894,1.0
fixed_s63_silu2_w12288_seed20261008,mbpp_600,code,teacher,8-15,8,0.042079297243617475,1.0
fixed_s63_silu2_w12288_seed20261008,mbpp_600,code,teacher,16-31,2,0.02935917116701603,1.0
fixed_s63_silu2_w12288_seed20261008,mbpp_600,code,adapter,pre,6,0.08607623726129532,1.0
fixed_s63_silu2_w12288_seed20261008,mbpp_600,code,adapter,0,1,0.7029132843017578,0.0
fixed_s63_silu2_w12288_seed20261008,mbpp_600,code,adapter,1-7,7,0.056227492700730054,1.0
fixed_s63_silu2_w12288_seed20261008,mbpp_600,code,adapter,8-15,8,0.048660901142284274,1.0
fixed_s63_silu2_w12288_seed20261008,mbpp_600,code,adapter,16-31,1,0.029103923588991165,1.0
fixed_s63_silu2_w12288_seed20261008,mbpp_594,code,teacher,pre,41,0.06207133491137406,1.0
fixed_s63_silu2_w12288_seed20261008,mbpp_594,code,teacher,0,1,0.026142790913581848,0.0
fixed_s63_silu2_w12288_seed20261008,mbpp_594,code,teacher,1-7,7,0.0767137948423624,1.0
fixed_s63_silu2_w12288_seed20261008,mbpp_594,code,teacher,8-15,8,0.06606533704325557,1.0
fixed_s63_silu2_w12288_seed20261008,mbpp_594,code,teacher,16-31,16,0.12256416329182684,1.0
fixed_s63_silu2_w12288_seed20261008,mbpp_594,code,teacher,32+,47,0.08869573569044154,0.9574468085106383
fixed_s63_silu2_w12288_seed20261008,mbpp_594,code,adapter,pre,41,0.06250479796946776,1.0
fixed_s63_silu2_w12288_seed20261008,mbpp_594,code,adapter,0,1,0.026161490008234978,0.0
fixed_s63_silu2_w12288_seed20261008,mbpp_594,code,adapter,1-7,7,0.058915006795099804,1.0
fixed_s63_silu2_w12288_seed20261008,mbpp_594,code,adapter,8-15,8,0.06173344003036618,1.0
fixed_s63_silu2_w12288_seed20261008,mbpp_594,code,adapter,16-31,16,0.10199870890937746,1.0
fixed_s63_silu2_w12288_seed20261008,mbpp_594,code,adapter,32+,35,0.0770445008895227,0.9714285714285714
fixed_s63_silu2_w12288_seed20261008,mbpp_533,code,teacher,pre,10,0.1567206595093012,1.0
fixed_s63_silu2_w12288_seed20261008,mbpp_533,code,teacher,0,1,0.0974298045039177,0.0
fixed_s63_silu2_w12288_seed20261008,mbpp_533,code,teacher,1-7,7,0.06287407768624169,1.0
fixed_s63_silu2_w12288_seed20261008,mbpp_533,code,teacher,8-15,8,0.12991097569465637,1.0
fixed_s63_silu2_w12288_seed20261008,mbpp_533,code,teacher,16-31,5,0.06338235065340996,1.0
fixed_s63_silu2_w12288_seed20261008,mbpp_533,code,adapter,pre,10,0.1567206595093012,1.0
fixed_s63_silu2_w12288_seed20261008,mbpp_533,code,adapter,0,1,0.0974298045039177,0.0
fixed_s63_silu2_w12288_seed20261008,mbpp_533,code,adapter,1-7,7,0.1439215676592929,1.0
fixed_s63_silu2_w12288_seed20261008,mbpp_533,code,adapter,8-15,8,0.12006150046363473,1.0
fixed_s63_silu2_w12288_seed20261008,mbpp_533,code,adapter,16-31,7,0.08191009344799179,1.0
fixed_s63_silu2_w12288_seed20261008,mbpp_529,code,teacher,pre,6,0.19953483964006105,1.0
fixed_s63_silu2_w12288_seed20261008,mbpp_529,code,teacher,0,1,1.5095118284225464,0.0
fixed_s63_silu2_w12288_seed20261008,mbpp_529,code,teacher,1-7,7,0.3004602145935808,1.0
fixed_s63_silu2_w12288_seed20261008,mbpp_529,code,teacher,8-15,8,0.08364075259305537,1.0
fixed_s63_silu2_w12288_seed20261008,mbpp_529,code,teacher,16-31,16,0.053674692928325385,1.0
fixed_s63_silu2_w12288_seed20261008,mbpp_529,code,teacher,32+,70,0.05728716983326844,0.9857142857142858
fixed_s63_silu2_w12288_seed20261008,mbpp_529,code,adapter,pre,6,0.19953483964006105,1.0
fixed_s63_silu2_w12288_seed20261008,mbpp_529,code,adapter,0,1,1.5095118284225464,0.0
fixed_s63_silu2_w12288_seed20261008,mbpp_529,code,adapter,1-7,7,0.21170901453920773,1.0
fixed_s63_silu2_w12288_seed20261008,mbpp_529,code,adapter,8-15,8,0.03052457340527326,1.0
fixed_s63_silu2_w12288_seed20261008,mbpp_529,code,adapter,16-31,16,0.06342808110639453,1.0
fixed_s63_silu2_w12288_seed20261008,mbpp_529,code,adapter,32+,84,0.09895897464871052,0.9761904761904762
fixed_s63_silu2_w12288_seed20261008,mbpp_547,code,teacher,pre,9,0.29098060189021957,1.0
fixed_s63_silu2_w12288_seed20261008,mbpp_547,code,teacher,0,1,0.6089693903923035,0.0
fixed_s63_silu2_w12288_seed20261008,mbpp_547,code,teacher,1-7,7,0.041840611557875364,1.0
fixed_s63_silu2_w12288_seed20261008,mbpp_547,code,teacher,8-15,8,0.1307951440103352,0.875
fixed_s63_silu2_w12288_seed20261008,mbpp_547,code,teacher,16-31,16,0.07109007786493748,0.9375
fixed_s63_silu2_w12288_seed20261008,mbpp_547,code,teacher,32+,85,0.08933793646009529,0.9529411764705882
fixed_s63_silu2_w12288_seed20261008,mbpp_547,code,adapter,pre,9,0.2895070090889931,1.0
fixed_s63_silu2_w12288_seed20261008,mbpp_547,code,adapter,0,1,0.6117364764213562,0.0
fixed_s63_silu2_w12288_seed20261008,mbpp_547,code,adapter,1-7,7,0.05505333681191717,1.0
fixed_s63_silu2_w12288_seed20261008,mbpp_547,code,adapter,8-15,8,0.04996665846556425,0.875
fixed_s63_silu2_w12288_seed20261008,mbpp_547,code,adapter,16-31,16,0.09550361218862236,1.0
fixed_s63_silu2_w12288_seed20261008,mbpp_547,code,adapter,32+,99,0.09384258229737029,0.9494949494949495
fixed_s63_silu2_w12288_seed20261008,mbpp_523,code,teacher,pre,10,0.06868310868740082,1.0
fixed_s63_silu2_w12288_seed20261008,mbpp_523,code,teacher,0,1,0.08674909919500351,0.0
fixed_s63_silu2_w12288_seed20261008,mbpp_523,code,teacher,1-7,7,0.12109877701316561,0.8571428571428571
fixed_s63_silu2_w12288_seed20261008,mbpp_523,code,teacher,8-15,8,0.16904333792626858,1.0
fixed_s63_silu2_w12288_seed20261008,mbpp_523,code,teacher,16-31,16,0.079383441247046,1.0
fixed_s63_silu2_w12288_seed20261008,mbpp_523,code,teacher,32+,188,0.20804291086746973,1.0
fixed_s63_silu2_w12288_seed20261008,mbpp_523,code,adapter,pre,10,0.06941631697118282,1.0
fixed_s63_silu2_w12288_seed20261008,mbpp_523,code,adapter,0,1,0.08724012225866318,0.0
fixed_s63_silu2_w12288_seed20261008,mbpp_523,code,adapter,1-7,7,0.07988428590553147,0.8571428571428571
fixed_s63_silu2_w12288_seed20261008,mbpp_523,code,adapter,8-15,8,0.08702532900497317,1.0
fixed_s63_silu2_w12288_seed20261008,mbpp_523,code,adapter,16-31,16,0.1042885493952781,1.0
fixed_s63_silu2_w12288_seed20261008,mbpp_523,code,adapter,32+,129,0.1474426054041977,0.9922480620155039
